partition,source_record_id,component_id,source_count,candidate_count,source_total_minor,candidate_total_minor,allocated_total_minor,remaining_minor,currency,cardinality,allocation_valid,duplicate_detected,conservation_valid,control_status
DEV,GATEWAY-GWY-242AB8E9,BANK-BNK-D45EDDAA+GATEWAY-GWY-242AB8E9+INVOICE-INV-F16B2159,2,1,10234742,5260131,5260131,4974611,INR,1B:1G:1I,False,False,False,PASS
DEV,BANK-BNK-53B1AC23,BANK-BNK-53B1AC23+GATEWAY-GWY-521CD13C+INVOICE-INV-4DAC94C3,2,1,24105850,12389167,12389167,11716683,INR,1B:1G:1I,False,False,False,PASS
DEV,GATEWAY-GWY-DD3E9F96,BANK-BNK-08305EE6+GATEWAY-GWY-DD3E9F96+INVOICE-INV-82151352,2,1,3917456,2013371,2013371,1904085,INR,1B:1G:1I,False,False,False,PASS
DEV,BANK-BNK-A4E6D000,BANK-BNK-A4E6D000+GATEWAY-GWY-6A16AC30,2,0,12966574,0,0,12966574,INR,1B:1G:0I,False,False,False,PASS
DEV,GATEWAY-GWY-278935F7,BANK-BNK-B5FEB124+GATEWAY-GWY-278935F7,2,0,18906664,0,0,18906664,INR,1B:1G:0I,False,False,False,PASS
DEV,INVOICE-INV-2B46C828,BANK-BNK-153208DC+GATEWAY-GWY-A40F354B+INVOICE-INV-2B46C828,2,1,25621628,13168199,13168199,12453429,INR,1B:1G:1I,False,False,False,PASS
DEV,BANK-BNK-E644A60F,BANK-BNK-E644A60F+GATEWAY-GWY-A98E3AEF,2,0,30347184,0,0,30347184,INR,1B:1G:0I,False,False,False,PASS
DEV,BANK-BNK-21B50685,BANK-BNK-21B50685+GATEWAY-GWY-C1326427,2,0,16819862,0,0,16819862,INR,1B:1G:0I,False,False,False,PASS
DEV,GATEWAY-GWY-FCC3E5C6,BANK-BNK-3320B5A6+GATEWAY-GWY-FCC3E5C6,2,0,3486780,0,0,3486780,INR,1B:1G:0I,False,False,False,PASS
DEV,GATEWAY-GWY-2C10702F,BANK-BNK-7CCB9E68+GATEWAY-GWY-2C10702F,2,0,25159576,0,0,25159576,INR,1B:1G:0I,False,False,False,PASS
DEV,GATEWAY-GWY-4AD3BDAC,BANK-BNK-D580CF97+GATEWAY-GWY-4AD3BDAC,2,0,29268004,0,0,29268004,INR,1B:1G:0I,False,False,False,PASS
DEV,GATEWAY-GWY-68080BB5,BANK-BNK-A991C424+GATEWAY-GWY-68080BB5,2,0,22640492,0,0,22640492,INR,1B:1G:0I,False,False,False,PASS
DEV,BANK-BNK-560C5733,BANK-BNK-560C5733+GATEWAY-GWY-67C4B1BA+INVOICE-INV-EBC81D38,2,1,1449948,745199,745199,704749,INR,1B:1G:1I,False,False,False,PASS
DEV,BANK-BNK-B2B8C51E,BANK-BNK-B2B8C51E+GATEWAY-GWY-EB70FFEF+INVOICE-INV-5E02CF55,2,1,34474584,17718163,17718163,16756421,INR,1B:1G:1I,False,False,False,PASS
DEV,BANK-BNK-1FBF283D,BANK-BNK-1FBF283D+GATEWAY-GWY-8D937A28+INVOICE-INV-C331F1E5,2,1,15939644,8192158,8192158,7747486,INR,1B:1G:1I,False,False,False,PASS
DEV,BANK-BNK-FC4FAD31,BANK-BNK-FC4FAD31+GATEWAY-GWY-A7DDA9D5+INVOICE-INV-22810D75,2,1,25362300,13034918,13034918,12327382,INR,1B:1G:1I,False,False,False,PASS
DEV,BANK-BNK-4C299F24,BANK-BNK-4C299F24+GATEWAY-GWY-2FAAA4DA,2,0,12875294,0,0,12875294,INR,1B:1G:0I,False,False,False,PASS
DEV,INVOICE-INV-9B16F0D4,BANK-BNK-9D9C8569+GATEWAY-GWY-7A38344D+INVOICE-INV-9B16F0D4,2,1,7412938,3809869,3809869,3603069,INR,1B:1G:1I,False,False,False,PASS
DEV,BANK-BNK-6676B865,BANK-BNK-6676B865+GATEWAY-GWY-3430459C,2,0,23375776,0,0,23375776,INR,1B:1G:0I,False,False,False,PASS
DEV,GATEWAY-GWY-A61491FA,BANK-BNK-454745B3+GATEWAY-GWY-A61491FA+INVOICE-INV-497A2FCD,2,1,35052924,18015400,18015400,17037524,INR,1B:1G:1I,False,False,False,PASS
DEV,BANK-BNK-99DB2FFB,BANK-BNK-99DB2FFB+GATEWAY-GWY-6B5F330E+INVOICE-INV-32B2F0C0,2,1,1324246,680595,680595,643651,INR,1B:1G:1I,False,False,False,PASS
DEV,INVOICE-INV-858EB4E8,BANK-BNK-ABAD306B+GATEWAY-GWY-21782C7F+INVOICE-INV-858EB4E8,2,1,25793308,13256434,13256434,12536874,INR,1B:1G:1I,False,False,False,PASS
DEV,BANK-BNK-CBCA6BAB,BANK-BNK-CBCA6BAB+GATEWAY-GWY-D4D1811A+INVOICE-INV-E3D4599B,2,1,16078774,8263663,8263663,7815111,INR,1B:1G:1I,False,False,False,PASS
DEV,BANK-BNK-43512CB1,BANK-BNK-43512CB1+GATEWAY-GWY-6609B584+INVOICE-INV-874AB740,2,1,818844,420843,420843,398001,INR,1B:1G:1I,False,False,False,PASS
DEV,BANK-BNK-0D9CC138,BANK-BNK-0D9CC138+GATEWAY-GWY-6F4B61DA+INVOICE-INV-FBAFDC53,2,1,11796806,6062952,6062952,5733854,INR,1B:1G:1I,False,False,False,PASS
DEV,GATEWAY-GWY-BD4A1579,BANK-BNK-3DEE2A37+GATEWAY-GWY-BD4A1579,2,0,11687232,0,0,11687232,INR,1B:1G:0I,False,False,False,PASS
DEV,GATEWAY-GWY-D360125A,BANK-BNK-95F8423E+GATEWAY-GWY-D360125A+INVOICE-INV-1B818524,2,1,27487582,14127204,14127204,13360378,INR,1B:1G:1I,False,False,False,PASS
DEV,BANK-BNK-3AC10A50,BANK-BNK-3AC10A50+GATEWAY-GWY-52669BC8+INVOICE-INV-EADB143C,2,1,34943908,17959372,17959372,16984536,INR,1B:1G:1I,False,False,False,PASS
DEV,GATEWAY-GWY-217A223D,BANK-BNK-13C63990+GATEWAY-GWY-217A223D+INVOICE-INV-71E2C8D0,2,1,18112536,9308912,9308912,8803624,INR,1B:1G:1I,False,False,False,PASS
DEV,GATEWAY-GWY-0D1BE0DA,BANK-BNK-7ED10486+GATEWAY-GWY-0D1BE0DA,2,0,13414920,0,0,13414920,INR,1B:1G:0I,False,False,False,PASS
DEV,INVOICE-INV-B02654C5,BANK-BNK-9BA9EE53+GATEWAY-GWY-8E4A9A38+INVOICE-INV-B02654C5,2,1,17973554,9237482,9237482,8736072,INR,1B:1G:1I,False,False,False,PASS
DEV,BANK-BNK-4736E1C6,BANK-BNK-4736E1C6+GATEWAY-GWY-F7437ED3,2,0,8634462,0,0,8634462,INR,1B:1G:0I,False,False,False,PASS
DEV,BANK-BNK-5A49513C,BANK-BNK-5A49513C+GATEWAY-GWY-F28E313D,2,0,13435310,0,0,13435310,INR,1B:1G:0I,False,False,False,PASS
DEV,INVOICE-INV-9118A4C2,BANK-BNK-6BB86BB4+GATEWAY-GWY-40AC52CF+INVOICE-INV-9118A4C2,2,1,15047248,7733512,7733512,7313736,INR,1B:1G:1I,False,False,False,PASS
DEV,GATEWAY-GWY-50380724,BANK-BNK-4ABC3C3B+GATEWAY-GWY-50380724,2,0,331718,0,0,331718,INR,1B:1G:0I,False,False,False,PASS
DEV,BANK-BNK-7912E99C,BANK-BNK-7912E99C+GATEWAY-GWY-2C1BFBF2,2,0,36241344,0,0,36241344,INR,1B:1G:0I,False,False,False,PASS
DEV,BANK-BNK-80045541,BANK-BNK-80045541+GATEWAY-GWY-2FA948ED+INVOICE-INV-9375CAB3,2,1,31423984,16150311,16150311,15273673,INR,1B:1G:1I,False,False,False,PASS
DEV,BANK-BNK-11112653,BANK-BNK-11112653+GATEWAY-GWY-68C2B884+INVOICE-INV-C9C3CF48,2,1,28996780,14902854,14902854,14093926,INR,1B:1G:1I,False,False,False,PASS
DEV,GATEWAY-GWY-764C276E,BANK-BNK-022150F4+GATEWAY-GWY-764C276E+INVOICE-INV-76B24226,2,1,15993696,8219938,8219938,7773758,INR,1B:1G:1I,False,False,False,PASS
DEV,GATEWAY-GWY-DDDD14F4,BANK-BNK-10701DC7+GATEWAY-GWY-DDDD14F4+INVOICE-INV-8953B120,2,1,35496916,18243590,18243590,17253326,INR,1B:1G:1I,False,False,False,PASS
DEV,BANK-BNK-B86EA002,BANK-BNK-B86EA002+GATEWAY-GWY-5FBA94DB+INVOICE-INV-39BAF4C4,2,1,12020448,6177891,6177891,5842557,INR,1B:1G:1I,False,False,False,PASS
DEV,INVOICE-INV-60AF089A,GATEWAY-GWY-5355FA65+INVOICE-INV-60AF089A,1,1,7422484,7629550,7629550,207066,INR,0B:1G:1I,False,False,False,PASS
DEV,BANK-BNK-7D178A87,BANK-BNK-7D178A87+GATEWAY-GWY-55E8CD96+INVOICE-INV-ADDCA35C,2,1,22867020,11752472,11752472,11114548,INR,1B:1G:1I,False,False,False,PASS
DEV,GATEWAY-GWY-6075AB3D,BANK-BNK-65773035+GATEWAY-GWY-6075AB3D+INVOICE-INV-794460F4,2,1,5154162,2648974,2648974,2505188,INR,1B:1G:1I,False,False,False,PASS
DEV,GATEWAY-GWY-A5A7B9ED,GATEWAY-GWY-A5A7B9ED+INVOICE-INV-3957E7DA,1,1,1378904,1417372,1417372,38468,INR,0B:1G:1I,False,False,False,PASS
DEV,GATEWAY-GWY-2906900B,BANK-BNK-16333D11+GATEWAY-GWY-2906900B+INVOICE-INV-DC33964B,2,1,28894326,14850198,14850198,14044128,INR,1B:1G:1I,False,False,False,PASS
DEV,BANK-BNK-F889D8AC,BANK-BNK-F889D8AC+GATEWAY-GWY-7844C9C9,2,0,15445574,0,0,15445574,INR,1B:1G:0I,False,False,False,PASS
DEV,INVOICE-INV-0DF882A1,BANK-BNK-E39F351D+GATEWAY-GWY-01DC15E9+INVOICE-INV-0DF882A1,2,1,12045954,6191001,6191001,5854953,INR,1B:1G:1I,False,False,False,PASS
DEV,INVOICE-INV-4A78EFAC,BANK-BNK-1815FF0A+GATEWAY-GWY-BE2CC1C9+INVOICE-INV-4A78EFAC,2,1,33817330,17380368,17380368,16436962,INR,1B:1G:1I,False,False,False,PASS
DEV,BANK-BNK-41546D08,BANK-BNK-41546D08+GATEWAY-GWY-4FD29AAA+INVOICE-INV-4E93F322,2,1,29929518,15382232,15382232,14547286,INR,1B:1G:1I,False,False,False,PASS
DEV,BANK-BNK-97F18E62,BANK-BNK-97F18E62+GATEWAY-GWY-358A9058,2,0,7808468,0,0,7808468,INR,1B:1G:0I,False,False,False,PASS
DEV,INVOICE-INV-2A571208,GATEWAY-GWY-2A0F19EF+INVOICE-INV-2A571208,1,1,11554638,11876980,11876980,322342,INR,0B:1G:1I,False,False,False,PASS
DEV,INVOICE-INV-3FC2F02B,BANK-BNK-1C4B9A7F+GATEWAY-GWY-979416DF+INVOICE-INV-3FC2F02B,2,1,30588188,15720755,15720755,14867433,INR,1B:1G:1I,False,False,False,PASS
DEV,INVOICE-INV-74D34282,BANK-BNK-78135D3E+GATEWAY-GWY-6AB9D14F+INVOICE-INV-74D34282,2,1,20497386,10534602,10534602,9962784,INR,1B:1G:1I,False,False,False,PASS
DEV,BANK-BNK-EA47FF23,BANK-BNK-EA47FF23+GATEWAY-GWY-76B32918+INVOICE-INV-5963606C,2,1,14410152,7406077,7406077,7004075,INR,1B:1G:1I,False,False,False,PASS
DEV,INVOICE-INV-1CF64A5D,BANK-BNK-663E0640+GATEWAY-GWY-E24A7E98+INVOICE-INV-1CF64A5D,2,1,36947966,18989354,18989354,17958612,INR,1B:1G:1I,False,False,False,PASS
DEV,BANK-BNK-D78749E1,BANK-BNK-D78749E1+GATEWAY-GWY-B470D532+INVOICE-INV-5611569A,2,1,2595230,1333815,1333815,1261415,INR,1B:1G:1I,False,False,False,PASS
DEV,INVOICE-INV-A95D732C,BANK-BNK-59A3BCF0+GATEWAY-GWY-15B4B821+INVOICE-INV-A95D732C,2,1,2476844,1272970,1272970,1203874,INR,1B:1G:1I,False,False,False,PASS
DEV,INVOICE-INV-E81FA72B,BANK-BNK-EC277A92+GATEWAY-GWY-0C82AB31+INVOICE-INV-E81FA72B,2,1,19994784,10276291,10276291,9718493,INR,1B:1G:1I,False,False,False,PASS
DEV,INVOICE-INV-EEA0DD0A,BANK-BNK-9EB02418+GATEWAY-GWY-0036CFB1+INVOICE-INV-EEA0DD0A,2,1,28304460,14547037,14547037,13757423,INR,1B:1G:1I,False,False,False,PASS
DEV,INVOICE-INV-920FEBC7,BANK-BNK-3DF0590C+GATEWAY-GWY-23268130+INVOICE-INV-920FEBC7,2,1,5253488,2700023,2700023,2553465,INR,1B:1G:1I,False,False,False,PASS
DEV,INVOICE-INV-D5E41BF8,BANK-BNK-A22C43A5+GATEWAY-GWY-7C0E2F38+INVOICE-INV-D5E41BF8,2,1,19188368,9861834,9861834,9326534,INR,1B:1G:1I,False,False,False,PASS
DEV,GATEWAY-GWY-5CCB46A5,BANK-BNK-FCCE9275+GATEWAY-GWY-5CCB46A5+INVOICE-INV-21DBE489,2,1,8750404,4497258,4497258,4253146,INR,1B:1G:1I,False,False,False,PASS
DEV,GATEWAY-GWY-C9D5983E,BANK-BNK-6DD8C481+GATEWAY-GWY-C9D5983E+INVOICE-INV-5F8679D5,2,1,37910498,19484046,19484046,18426452,INR,1B:1G:1I,False,False,False,PASS
DEV,INVOICE-INV-6AAD3A1C,BANK-BNK-D05F2CB1+GATEWAY-GWY-A31D189B+INVOICE-INV-6AAD3A1C,2,1,8141278,4184199,4184199,3957079,INR,1B:1G:1I,False,False,False,PASS
DEV,INVOICE-INV-B2FA5639,BANK-BNK-587BD3D3+GATEWAY-GWY-D49851D0+INVOICE-INV-B2FA5639,2,1,34017290,17483137,17483137,16534153,INR,1B:1G:1I,False,False,False,PASS
DEV,GATEWAY-GWY-976266C6,BANK-BNK-3C933567+GATEWAY-GWY-976266C6+INVOICE-INV-D620F9FB,2,1,5679570,2919007,2919007,2760563,INR,1B:1G:1I,False,False,False,PASS
DEV,GATEWAY-GWY-CD61C529,BANK-BNK-2D038254+GATEWAY-GWY-CD61C529+INVOICE-INV-45DCB31D,2,1,14442982,7422950,7422950,7020032,INR,1B:1G:1I,False,False,False,PASS
DEV,GATEWAY-GWY-F98D4557,BANK-BNK-6309E87E+GATEWAY-GWY-F98D4557+INVOICE-INV-D4462BE5,2,1,7014690,3605189,3605189,3409501,INR,1B:1G:1I,False,False,False,PASS
DEV,BANK-BNK-F4C1E21E,BANK-BNK-F4C1E21E+GATEWAY-GWY-894D2868+INVOICE-INV-FD60E350,2,1,9789760,5031433,5031433,4758327,INR,1B:1G:1I,False,False,False,PASS
DEV,INVOICE-INV-C1A06ABA,BANK-BNK-E33CFC4A+GATEWAY-GWY-C2948824+INVOICE-INV-C1A06ABA,2,1,19838512,10195974,10195974,9642538,INR,1B:1G:1I,False,False,False,PASS
DEV,BANK-BNK-F96621C5,BANK-BNK-F96621C5+GATEWAY-GWY-C61D8153+INVOICE-INV-A592627E,2,1,33105880,17014720,17014720,16091160,INR,1B:1G:1I,False,False,False,PASS
DEV,INVOICE-INV-ECB90D73,BANK-BNK-850FF958+GATEWAY-GWY-164791FD+INVOICE-INV-ECB90D73,2,1,19680832,10114936,10114936,9565896,INR,1B:1G:1I,False,False,False,PASS
DEV,GATEWAY-GWY-B28FE1FB,BANK-BNK-1D19000C+GATEWAY-GWY-B28FE1FB+INVOICE-INV-C8C6EDD5,2,1,4036450,2074528,2074528,1961922,INR,1B:1G:1I,False,False,False,PASS
DEV,BANK-BNK-09216EF9,BANK-BNK-09216EF9+GATEWAY-GWY-1B1D331C+INVOICE-INV-CEB93D33,2,1,32623238,16766666,16766666,15856572,INR,1B:1G:1I,False,False,False,PASS
DEV,INVOICE-INV-F6C1C7BB,GATEWAY-GWY-669F7431+INVOICE-INV-F6C1C7BB,1,1,18571887,19089990,19089990,518103,INR,0B:1G:1I,False,False,False,PASS
DEV,GATEWAY-GWY-F6F76758,GATEWAY-GWY-F6F76758+INVOICE-INV-242F009D,1,1,1387577,1426287,1426287,38710,INR,0B:1G:1I,False,False,False,PASS
DEV,BANK-BNK-90F53D84,BANK-BNK-90F53D84+GATEWAY-GWY-F6FF0002,2,0,21387416,0,0,21387416,INR,1B:1G:0I,False,False,False,PASS
DEV,BANK-BNK-E38AA035,BANK-BNK-E38AA035+GATEWAY-GWY-D84BA307,2,0,27488898,0,0,27488898,INR,1B:1G:0I,False,False,False,PASS
DEV,BANK-BNK-4D273188,BANK-BNK-4D273188+GATEWAY-GWY-513AAD58+INVOICE-INV-B9789B8C,2,1,10628724,5462617,5462617,5166107,INR,1B:1G:1I,False,False,False,PASS
DEV,GATEWAY-GWY-82DEB04B,BANK-BNK-2F288B0A+GATEWAY-GWY-82DEB04B+INVOICE-INV-E8541D8F,2,1,21765718,11186460,11186460,10579258,INR,1B:1G:1I,False,False,False,PASS
DEV,INVOICE-INV-574C4A2E,BANK-BNK-A54CFD86+GATEWAY-GWY-AC9E99E3+INVOICE-INV-574C4A2E,2,1,2629212,1351279,1351279,1277933,INR,1B:1G:1I,False,False,False,PASS
DEV,GATEWAY-GWY-8BA6BD92,BANK-BNK-32802442+GATEWAY-GWY-8BA6BD92,2,0,14329194,0,0,14329194,INR,1B:1G:0I,False,False,False,PASS
DEV,GATEWAY-GWY-CA78E80C,BANK-BNK-8EACFA37+GATEWAY-GWY-CA78E80C+INVOICE-INV-F3564B55,2,1,10173666,5228741,5228741,4944925,INR,1B:1G:1I,False,False,False,PASS
DEV,GATEWAY-GWY-FE474751,BANK-BNK-6CF25B2B+GATEWAY-GWY-FE474751+INVOICE-INV-6EAF148E,2,1,38632474,19855104,19855104,18777370,INR,1B:1G:1I,False,False,False,PASS
DEV,GATEWAY-GWY-6DC5FDEB,BANK-BNK-513163A6+GATEWAY-GWY-6DC5FDEB+INVOICE-INV-4EF9F112,2,1,29314634,15066214,15066214,14248420,INR,1B:1G:1I,False,False,False,PASS
DEV,GATEWAY-GWY-95D0DA75,BANK-BNK-0588D061+GATEWAY-GWY-95D0DA75+INVOICE-INV-4D49DEB8,2,1,6817188,3503684,3503684,3313504,INR,1B:1G:1I,False,False,False,PASS
DEV,INVOICE-INV-6D27B0F3,BANK-BNK-6B7F5C59+GATEWAY-GWY-640A7B28+INVOICE-INV-6D27B0F3,2,1,33177166,17051357,17051357,16125809,INR,1B:1G:1I,False,False,False,PASS
DEV,BANK-BNK-17E32FBD,BANK-BNK-17E32FBD+GATEWAY-GWY-EBD85EE6+INVOICE-INV-882B16C4,2,1,21174034,10882364,10882364,10291670,INR,1B:1G:1I,False,False,False,PASS
DEV,GATEWAY-GWY-8B2E8A10,BANK-BNK-F97392A2+GATEWAY-GWY-8B2E8A10+INVOICE-INV-2CCFE3ED,2,1,17746644,9120862,9120862,8625782,INR,1B:1G:1I,False,False,False,PASS
DEV,BANK-BNK-2E25ADD6,BANK-BNK-2E25ADD6+GATEWAY-GWY-E6C69635+INVOICE-INV-4C2B0928,2,1,32131444,16513910,16513910,15617534,INR,1B:1G:1I,False,False,False,PASS
DEV,GATEWAY-GWY-ED75B17C,BANK-BNK-6C17C99C+GATEWAY-GWY-ED75B17C+INVOICE-INV-AB6469A0,2,1,11408274,5863266,5863266,5545008,INR,1B:1G:1I,False,False,False,PASS
DEV,GATEWAY-GWY-6A5388DF,BANK-BNK-B77DAE3E+GATEWAY-GWY-6A5388DF+INVOICE-INV-E531A512,2,1,13553252,6965675,6965675,6587577,INR,1B:1G:1I,False,False,False,PASS
DEV,BANK-BNK-9ED0773E,BANK-BNK-9ED0773E+GATEWAY-GWY-23077EB6,2,0,10761618,0,0,10761618,INR,1B:1G:0I,False,False,False,PASS
DEV,INVOICE-INV-ABA043E4,BANK-BNK-1AE39DB5+GATEWAY-GWY-EEE115E1+INVOICE-INV-ABA043E4,2,1,37101888,19068463,19068463,18033425,INR,1B:1G:1I,False,False,False,PASS
DEV,INVOICE-INV-B0E32AB7,BANK-BNK-6CE54AE4+GATEWAY-GWY-67FE6CAD+INVOICE-INV-B0E32AB7,2,1,36055880,18530868,18530868,17525012,INR,1B:1G:1I,False,False,False,PASS
DEV,GATEWAY-GWY-AEC99620,BANK-BNK-AD2FFB8B+GATEWAY-GWY-AEC99620+INVOICE-INV-10A8E090,2,1,10328026,5308074,5308074,5019952,INR,1B:1G:1I,False,False,False,PASS
DEV,INVOICE-INV-C205844A,BANK-BNK-8C072C56+GATEWAY-GWY-4546971D+INVOICE-INV-C205844A,2,1,28086184,14434854,14434854,13651330,INR,1B:1G:1I,False,False,False,PASS
DEV,BANK-BNK-EB934F43,BANK-BNK-EB934F43+GATEWAY-GWY-6388C368,2,0,31430502,0,0,31430502,INR,1B:1G:0I,False,False,False,PASS
DEV,GATEWAY-GWY-3B8C1FE7,BANK-BNK-BDC59896+GATEWAY-GWY-3B8C1FE7,2,0,7659960,0,0,7659960,INR,1B:1G:0I,False,False,False,PASS
DEV,GATEWAY-GWY-1E4C20E7,BANK-BNK-5EE768D5+GATEWAY-GWY-1E4C20E7+INVOICE-INV-5B10A3CB,2,1,18604334,9561670,9561670,9042664,INR,1B:1G:1I,False,False,False,PASS
DEV,INVOICE-INV-1E7C1761,BANK-BNK-2AB82B40+GATEWAY-GWY-1807BD2C+INVOICE-INV-1E7C1761,2,1,6088024,3128931,3128931,2959093,INR,1B:1G:1I,False,False,False,PASS
DEV,BANK-BNK-499343E9,BANK-BNK-499343E9+GATEWAY-GWY-470A19B3+INVOICE-INV-C351BE6D,2,1,31423258,16149939,16149939,15273319,INR,1B:1G:1I,False,False,False,PASS
DEV,GATEWAY-GWY-077825A2,BANK-BNK-F593386D+GATEWAY-GWY-077825A2+INVOICE-INV-E58B127C,2,1,34714320,17841375,17841375,16872945,INR,1B:1G:1I,False,False,False,PASS
DEV,GATEWAY-GWY-4381FD27,BANK-BNK-DFF6A4C4+GATEWAY-GWY-4381FD27+INVOICE-INV-E5C90C15,2,1,38446256,19759398,19759398,18686858,INR,1B:1G:1I,False,False,False,PASS
DEV,GATEWAY-GWY-B21A97C0,BANK-BNK-3C2F5CE1+GATEWAY-GWY-B21A97C0,2,0,20725146,0,0,20725146,INR,1B:1G:0I,False,False,False,PASS
DEV,BANK-BNK-F47357EC,BANK-BNK-F47357EC+GATEWAY-GWY-65BF56C1+INVOICE-INV-7E104091,2,1,16413878,8435888,8435888,7977990,INR,1B:1G:1I,False,False,False,PASS
DEV,BANK-BNK-DA44EE15,BANK-BNK-DA44EE15+GATEWAY-GWY-F36A49D8+INVOICE-INV-DE09ACEE,2,1,28913354,14859976,14859976,14053378,INR,1B:1G:1I,False,False,False,PASS
DEV,INVOICE-INV-41DF2987,BANK-BNK-D24FDBBF+GATEWAY-GWY-678EA44D+INVOICE-INV-41DF2987,2,1,27175712,13966918,13966918,13208794,INR,1B:1G:1I,False,False,False,PASS
DEV,BANK-BNK-108C044F,BANK-BNK-108C044F+GATEWAY-GWY-0DED3AFA,2,0,35497106,0,0,35497106,INR,1B:1G:0I,False,False,False,PASS
DEV,INVOICE-INV-240ED0BE,BANK-BNK-23C31650+GATEWAY-GWY-AC4F4F7F+INVOICE-INV-240ED0BE,2,1,12490190,6419315,6419315,6070875,INR,1B:1G:1I,False,False,False,PASS
DEV,BANK-BNK-69472F93,BANK-BNK-69472F93+GATEWAY-GWY-48E470A3+INVOICE-INV-C838FF81,2,1,33241170,17084252,17084252,16156918,INR,1B:1G:1I,False,False,False,PASS
DEV,GATEWAY-GWY-11F0B46B,BANK-BNK-AB4D513D+GATEWAY-GWY-11F0B46B,2,0,2139698,0,0,2139698,INR,1B:1G:0I,False,False,False,PASS
DEV,INVOICE-INV-88F3A74E,INVOICE-INV-88F3A74E,0,1,0,8516296,8516296,8516296,INR,0B:0G:1I,False,False,False,PASS
DEV,GATEWAY-GWY-A13BD6D2,INVOICE-INV-0C8B141C,0,1,0,13574421,13574421,13574421,INR,0B:0G:1I,False,False,False,PASS
DEV,GATEWAY-GWY-CD927047,INVOICE-INV-B72B5E7D,0,1,0,2781929,2781929,2781929,INR,0B:0G:1I,False,False,False,PASS
DEV,GATEWAY-GWY-803E3C99,INVOICE-INV-C7D7BBF7,0,1,0,2192694,2192694,2192694,INR,0B:0G:1I,False,False,False,PASS
DEV,INVOICE-INV-36772578,INVOICE-INV-36772578,0,1,0,5730902,5730902,5730902,INR,0B:0G:1I,False,False,False,PASS
DEV,INVOICE-INV-462F114F,INVOICE-INV-462F114F,0,1,0,12562367,12562367,12562367,INR,0B:0G:1I,False,False,False,PASS
DEV,INVOICE-INV-EE267BF1,INVOICE-INV-EE267BF1,0,1,0,5148009,5148009,5148009,INR,0B:0G:1I,False,False,False,PASS
DEV,GATEWAY-GWY-0B22D144,INVOICE-INV-8F634584,0,1,0,12070843,12070843,12070843,INR,0B:0G:1I,False,False,False,PASS
DEV,INVOICE-INV-5288128D,INVOICE-INV-5288128D,0,1,0,17510296,17510296,17510296,INR,0B:0G:1I,False,False,False,PASS
DEV,INVOICE-INV-9BEDA71E,INVOICE-INV-9BEDA71E,0,1,0,14274297,14274297,14274297,INR,0B:0G:1I,False,False,False,PASS
DEV,INVOICE-INV-23F03693,INVOICE-INV-23F03693,0,1,0,5227117,5227117,5227117,INR,0B:0G:1I,False,False,False,PASS
DEV,INVOICE-INV-C83A71A9,INVOICE-INV-C83A71A9,0,1,0,5840109,5840109,5840109,INR,0B:0G:1I,False,False,False,PASS
DEV,INVOICE-INV-F0ACC7A1,INVOICE-INV-F0ACC7A1,0,1,0,11359901,11359901,11359901,INR,0B:0G:1I,False,False,False,PASS
DEV,GATEWAY-GWY-EE0E840C,INVOICE-INV-9AE888B0,0,1,0,17835445,17835445,17835445,INR,0B:0G:1I,False,False,False,PASS
DEV,GATEWAY-GWY-C6C944A1,INVOICE-INV-FE9C4E70,0,1,0,16233125,16233125,16233125,INR,0B:0G:1I,False,False,False,PASS
DEV,INVOICE-INV-5A303232,INVOICE-INV-5A303232,0,1,0,6861313,6861313,6861313,INR,0B:0G:1I,False,False,False,PASS
DEV,INVOICE-INV-BDA2180B,INVOICE-INV-BDA2180B,0,1,0,10752170,10752170,10752170,INR,0B:0G:1I,False,False,False,PASS
DEV,INVOICE-INV-7517C909,INVOICE-INV-7517C909,0,1,0,1701038,1701038,1701038,INR,0B:0G:1I,False,False,False,PASS
DEV,GATEWAY-GWY-3B1565C7,INVOICE-INV-639C559E,0,1,0,15581389,15581389,15581389,INR,0B:0G:1I,False,False,False,PASS
DEV,INVOICE-INV-CD668AA5,INVOICE-INV-CD668AA5,0,1,0,5359112,5359112,5359112,INR,0B:0G:1I,False,False,False,PASS
DEV,INVOICE-INV-254B22CE,INVOICE-INV-254B22CE,0,1,0,343801,343801,343801,INR,0B:0G:1I,False,False,False,PASS
DEV,INVOICE-INV-446FD2A3,INVOICE-INV-446FD2A3,0,1,0,12337224,12337224,12337224,INR,0B:0G:1I,False,False,False,PASS
DEV,INVOICE-INV-1DA73AD6,INVOICE-INV-1DA73AD6,0,1,0,4544551,4544551,4544551,INR,0B:0G:1I,False,False,False,PASS
DEV,INVOICE-INV-0EC5BA44,INVOICE-INV-0EC5BA44,0,1,0,7210930,7210930,7210930,INR,0B:0G:1I,False,False,False,PASS
DEV,BANK-BNK-E38EAA28,INVOICE-INV-F3953F23,0,1,0,5007986,5007986,5007986,INR,0B:0G:1I,False,False,False,PASS
DEV,INVOICE-INV-3BA2F5AE,INVOICE-INV-3BA2F5AE,0,1,0,6091668,6091668,6091668,INR,0B:0G:1I,False,False,False,PASS
DEV,INVOICE-INV-8206F5C3,INVOICE-INV-8206F5C3,0,1,0,8585478,8585478,8585478,INR,0B:0G:1I,False,False,False,PASS
DEV,INVOICE-INV-373BB021,INVOICE-INV-373BB021,0,1,0,7496201,7496201,7496201,INR,0B:0G:1I,False,False,False,PASS
DEV,INVOICE-INV-CFA66E48,INVOICE-INV-CFA66E48,0,1,0,4847017,4847017,4847017,INR,0B:0G:1I,False,False,False,PASS
DEV,INVOICE-INV-DD2C251D,INVOICE-INV-DD2C251D,0,1,0,16136557,16136557,16136557,INR,0B:0G:1I,False,False,False,PASS
DEV,INVOICE-INV-F65AAFA9,INVOICE-INV-F65AAFA9,0,1,0,8364545,8364545,8364545,INR,0B:0G:1I,False,False,False,PASS
DEV,GATEWAY-GWY-9AF77F26,INVOICE-INV-B7CD40BF,0,1,0,1309057,1309057,1309057,INR,0B:0G:1I,False,False,False,PASS
DEV,GATEWAY-GWY-36851394,INVOICE-INV-C2D2A4F1,0,1,0,3666800,3666800,3666800,INR,0B:0G:1I,False,False,False,PASS
DEV,INVOICE-INV-C42C253B,INVOICE-INV-C42C253B,0,1,0,19078484,19078484,19078484,INR,0B:0G:1I,False,False,False,PASS
DEV,GATEWAY-GWY-44DDFFB8,INVOICE-INV-E0D9C7EE,0,1,0,18761601,18761601,18761601,INR,0B:0G:1I,False,False,False,PASS
DEV,GATEWAY-GWY-8DE6BCF3,INVOICE-INV-0C24A674,0,1,0,14069102,14069102,14069102,INR,0B:0G:1I,False,False,False,PASS
VALIDATION,BANK-BNK-D6C2374C,BANK-BNK-D6C2374C+GATEWAY-GWY-9E9C4971+INVOICE-INV-44D1C779,2,1,19250110,9893566,9893566,9356544,INR,1B:1G:1I,False,False,False,PASS
VALIDATION,BANK-BNK-B0E75EFD,BANK-BNK-B0E75EFD+GATEWAY-GWY-A2017A94,2,0,32009420,0,0,32009420,INR,1B:1G:0I,False,False,False,PASS
VALIDATION,GATEWAY-GWY-7096CAB2,BANK-BNK-078DF28F+GATEWAY-GWY-7096CAB2,2,0,18564956,0,0,18564956,INR,1B:1G:0I,False,False,False,PASS
VALIDATION,INVOICE-INV-2D4FF9FE,BANK-BNK-C0ACF328+GATEWAY-GWY-248194D2+INVOICE-INV-2D4FF9FE,2,1,21811310,11209891,11209891,10601419,INR,1B:1G:1I,False,False,False,PASS
VALIDATION,GATEWAY-GWY-0166632C,BANK-BNK-204C7A0B+GATEWAY-GWY-0166632C,2,0,11281144,0,0,11281144,INR,1B:1G:0I,False,False,False,PASS
VALIDATION,INVOICE-INV-81CC61D3,BANK-BNK-C9FEC85E+GATEWAY-GWY-064AEA26+INVOICE-INV-81CC61D3,2,1,28694814,14747658,14747658,13947156,INR,1B:1G:1I,False,False,False,PASS
VALIDATION,INVOICE-INV-6CE1D926,BANK-BNK-B2C2174C+GATEWAY-GWY-5B1D3077+INVOICE-INV-6CE1D926,2,1,1474072,757597,757597,716475,INR,1B:1G:1I,False,False,False,PASS
VALIDATION,GATEWAY-GWY-81925DF2,BANK-BNK-79BBA9A4+GATEWAY-GWY-81925DF2+INVOICE-INV-19FE00C5,2,1,9115060,4684671,4684671,4430389,INR,1B:1G:1I,False,False,False,PASS
VALIDATION,BANK-BNK-89E53B37,BANK-BNK-89E53B37+GATEWAY-GWY-19E99324+INVOICE-INV-4BAF86E9,2,1,25554418,13133656,13133656,12420762,INR,1B:1G:1I,False,False,False,PASS
VALIDATION,BANK-BNK-24F54D48,BANK-BNK-24F54D48+GATEWAY-GWY-A6B9EEEC+INVOICE-INV-72AFC776,2,1,22870052,11754031,11754031,11116021,INR,1B:1G:1I,False,False,False,PASS
VALIDATION,GATEWAY-GWY-9AA5DB54,BANK-BNK-E3C13058+GATEWAY-GWY-9AA5DB54,2,0,32715316,0,0,32715316,INR,1B:1G:0I,False,False,False,PASS
VALIDATION,INVOICE-INV-BCF61EE1,BANK-BNK-5ECACC81+GATEWAY-GWY-D9CABFD6+INVOICE-INV-BCF61EE1,2,1,35092376,18035677,18035677,17056699,INR,1B:1G:1I,False,False,False,PASS
VALIDATION,GATEWAY-GWY-43DA6B57,BANK-BNK-B4A15A96+GATEWAY-GWY-43DA6B57+INVOICE-INV-65CD0ADD,2,1,446574,229516,229516,217058,INR,1B:1G:1I,False,False,False,PASS
VALIDATION,GATEWAY-GWY-AFCE513B,BANK-BNK-0199A702+GATEWAY-GWY-AFCE513B+INVOICE-INV-D4643D00,2,1,8900000,4574142,4574142,4325858,INR,1B:1G:1I,False,False,False,PASS
VALIDATION,GATEWAY-GWY-1CE904FA,BANK-BNK-471AA7A9+GATEWAY-GWY-1CE904FA+INVOICE-INV-C79AC879,2,1,35225004,18103840,18103840,17121164,INR,1B:1G:1I,False,False,False,PASS
VALIDATION,GATEWAY-GWY-E6CA6773,BANK-BNK-AD369E94+GATEWAY-GWY-E6CA6773,2,0,28401880,0,0,28401880,INR,1B:1G:0I,False,False,False,PASS
VALIDATION,BANK-BNK-EF72D78E,BANK-BNK-EF72D78E+GATEWAY-GWY-87C937EB+INVOICE-INV-3FB70972,2,1,32529030,16718249,16718249,15810781,INR,1B:1G:1I,False,False,False,PASS
VALIDATION,GATEWAY-GWY-9CA3A03A,BANK-BNK-6B7448EA+GATEWAY-GWY-9CA3A03A+INVOICE-INV-AD4629A3,2,1,10803484,5552435,5552435,5251049,INR,1B:1G:1I,False,False,False,PASS
VALIDATION,BANK-BNK-91517507,BANK-BNK-91517507+GATEWAY-GWY-99641B92+INVOICE-INV-995F5D64,2,1,24931568,12813544,12813544,12118024,INR,1B:1G:1I,False,False,False,PASS
VALIDATION,GATEWAY-GWY-62586917,BANK-BNK-5D14D1F6+GATEWAY-GWY-62586917,2,0,20044558,0,0,20044558,INR,1B:1G:0I,False,False,False,PASS
VALIDATION,BANK-BNK-484BCE59,BANK-BNK-484BCE59+GATEWAY-GWY-66017FBC+INVOICE-INV-7D97188B,2,1,10216084,5250541,5250541,4965543,INR,1B:1G:1I,False,False,False,PASS
VALIDATION,BANK-BNK-818E197D,BANK-BNK-818E197D+GATEWAY-GWY-C40D8960+INVOICE-INV-0A8318E9,2,1,9125988,4690289,4690289,4435699,INR,1B:1G:1I,False,False,False,PASS
VALIDATION,INVOICE-INV-2DF9807E,BANK-BNK-7B4C4043+GATEWAY-GWY-28C066B5+INVOICE-INV-2DF9807E,2,1,17302684,8892690,8892690,8409994,INR,1B:1G:1I,False,False,False,PASS
VALIDATION,BANK-BNK-17364CA5,BANK-BNK-17364CA5+GATEWAY-GWY-B411E482+INVOICE-INV-3B2CDC91,2,1,15867262,8154957,8154957,7712305,INR,1B:1G:1I,False,False,False,PASS
VALIDATION,GATEWAY-GWY-313065D6,BANK-BNK-9D9584A4+GATEWAY-GWY-313065D6+INVOICE-INV-C0BC4D11,2,1,37973566,19516460,19516460,18457106,INR,1B:1G:1I,False,False,False,PASS
VALIDATION,BANK-BNK-52652C7A,BANK-BNK-52652C7A+GATEWAY-GWY-03A18F40+INVOICE-INV-F726141E,2,1,2364542,1215253,1215253,1149289,INR,1B:1G:1I,False,False,False,PASS
VALIDATION,BANK-BNK-C0E935FF,BANK-BNK-C0E935FF+GATEWAY-GWY-C2C50753,2,0,11105030,0,0,11105030,INR,1B:1G:0I,False,False,False,PASS
VALIDATION,BANK-BNK-DC1D7A7B,BANK-BNK-DC1D7A7B+GATEWAY-GWY-360AB4EE+INVOICE-INV-50F55889,2,1,3490798,1794091,1794091,1696707,INR,1B:1G:1I,False,False,False,PASS
VALIDATION,GATEWAY-GWY-41551B71,BANK-BNK-DE698011+GATEWAY-GWY-41551B71+INVOICE-INV-9E1F5C64,2,1,14671374,7540332,7540332,7131042,INR,1B:1G:1I,False,False,False,PASS
VALIDATION,BANK-BNK-01AF76B2,BANK-BNK-01AF76B2+GATEWAY-GWY-2B564A8F,2,0,10244996,0,0,10244996,INR,1B:1G:0I,False,False,False,PASS
VALIDATION,GATEWAY-GWY-D59A5885,BANK-BNK-ACD21A71+GATEWAY-GWY-D59A5885,2,0,1430640,0,0,1430640,INR,1B:1G:0I,False,False,False,PASS
VALIDATION,GATEWAY-GWY-34C8C82E,BANK-BNK-C461E420+GATEWAY-GWY-34C8C82E+INVOICE-INV-333BB986,2,1,38828788,19956000,19956000,18872788,INR,1B:1G:1I,False,False,False,PASS
VALIDATION,GATEWAY-GWY-1D2D913A,BANK-BNK-3CA91153+GATEWAY-GWY-1D2D913A+INVOICE-INV-94A388F0,2,1,26158228,13443984,13443984,12714244,INR,1B:1G:1I,False,False,False,PASS
VALIDATION,GATEWAY-GWY-786BEF65,BANK-BNK-E4C7525A+GATEWAY-GWY-786BEF65+INVOICE-INV-E109AC50,2,1,24853606,12773475,12773475,12080131,INR,1B:1G:1I,False,False,False,PASS
VALIDATION,GATEWAY-GWY-DE7D356C,BANK-BNK-A97D0BFE+GATEWAY-GWY-DE7D356C,2,0,29547492,0,0,29547492,INR,1B:1G:0I,False,False,False,PASS
VALIDATION,INVOICE-INV-93C37E9A,BANK-BNK-785393DA+GATEWAY-GWY-373087B8+INVOICE-INV-93C37E9A,2,1,7198848,3699837,3699837,3499011,INR,1B:1G:1I,False,False,False,PASS
VALIDATION,BANK-BNK-EF2A5269,BANK-BNK-EF2A5269+GATEWAY-GWY-EA60E990+INVOICE-INV-C6F4B7C6,2,1,3120486,1603770,1603770,1516716,INR,1B:1G:1I,False,False,False,PASS
VALIDATION,BANK-BNK-DCFB7288,BANK-BNK-DCFB7288+GATEWAY-GWY-C8CCBC8A,2,0,6752780,0,0,6752780,INR,1B:1G:0I,False,False,False,PASS
VALIDATION,INVOICE-INV-F39EB6A1,BANK-BNK-787BB3C1+GATEWAY-GWY-D1FB54D1+INVOICE-INV-F39EB6A1,2,1,5214992,2680237,2680237,2534755,INR,1B:1G:1I,False,False,False,PASS
VALIDATION,GATEWAY-GWY-29CE43A2,BANK-BNK-CA2BF656+GATEWAY-GWY-29CE43A2+INVOICE-INV-B28A2DC4,2,1,38198670,19632151,19632151,18566519,INR,1B:1G:1I,False,False,False,PASS
VALIDATION,INVOICE-INV-DEA34B86,BANK-BNK-0CAA24FC+GATEWAY-GWY-911207E0+INVOICE-INV-DEA34B86,2,1,9453018,4858365,4858365,4594653,INR,1B:1G:1I,False,False,False,PASS
VALIDATION,GATEWAY-GWY-DD3746BF,BANK-BNK-45C89855+GATEWAY-GWY-DD3746BF+INVOICE-INV-4DC15F89,2,1,18188526,9347967,9347967,8840559,INR,1B:1G:1I,False,False,False,PASS
VALIDATION,INVOICE-INV-026A7A6E,BANK-BNK-B6B0CCB5+GATEWAY-GWY-487FBD3C+INVOICE-INV-026A7A6E,2,1,1402602,720865,720865,681737,INR,1B:1G:1I,False,False,False,PASS
VALIDATION,GATEWAY-GWY-A440CE45,BANK-BNK-60A038A1+GATEWAY-GWY-A440CE45+INVOICE-INV-22A25613,2,1,14285816,7342175,7342175,6943641,INR,1B:1G:1I,False,False,False,PASS
VALIDATION,BANK-BNK-B72263A5,BANK-BNK-B72263A5+GATEWAY-GWY-F5B65FF0+INVOICE-INV-0E36268C,2,1,37722120,19387229,19387229,18334891,INR,1B:1G:1I,False,False,False,PASS
VALIDATION,GATEWAY-GWY-F9F62581,GATEWAY-GWY-F9F62581+INVOICE-INV-25C568B4,1,1,12895954,13255714,13255714,359760,INR,0B:1G:1I,False,False,False,PASS
VALIDATION,INVOICE-INV-181DDF5B,BANK-BNK-05056622+GATEWAY-GWY-5013CF20+INVOICE-INV-181DDF5B,2,1,16531102,8496136,8496136,8034966,INR,1B:1G:1I,False,False,False,PASS
VALIDATION,INVOICE-INV-80D1AA6C,BANK-BNK-30C57D85+GATEWAY-GWY-6A52BE75+INVOICE-INV-80D1AA6C,2,1,26986378,13869610,13869610,13116768,INR,1B:1G:1I,False,False,False,PASS
VALIDATION,BANK-BNK-F536712F,BANK-BNK-F536712F+GATEWAY-GWY-51053500+INVOICE-INV-A32F0131,2,1,35394502,18190954,18190954,17203548,INR,1B:1G:1I,False,False,False,PASS
VALIDATION,GATEWAY-GWY-47F44BE3,BANK-BNK-00905C81+GATEWAY-GWY-47F44BE3+INVOICE-INV-7423C323,2,1,685766,352448,352448,333318,INR,1B:1G:1I,False,False,False,PASS
VALIDATION,BANK-BNK-570BE487,BANK-BNK-570BE487+GATEWAY-GWY-A2AC37C3+INVOICE-INV-C7DE033D,2,1,29018688,14914113,14914113,14104575,INR,1B:1G:1I,False,False,False,PASS
VALIDATION,INVOICE-INV-58FB38C7,BANK-BNK-0D305C8C+GATEWAY-GWY-F08835B9+INVOICE-INV-58FB38C7,2,1,6071946,3120668,3120668,2951278,INR,1B:1G:1I,False,False,False,PASS
VALIDATION,GATEWAY-GWY-8280FB18,BANK-BNK-EFFB7018+GATEWAY-GWY-8280FB18+INVOICE-INV-FBAFC29A,2,1,3642364,1871988,1871988,1770376,INR,1B:1G:1I,False,False,False,PASS
VALIDATION,GATEWAY-GWY-CBB31948,GATEWAY-GWY-CBB31948+INVOICE-INV-8202F814,1,1,14838117,15252057,15252057,413940,INR,0B:1G:1I,False,False,False,PASS
VALIDATION,BANK-BNK-5C562620,BANK-BNK-5C562620+GATEWAY-GWY-1E843B7A+INVOICE-INV-8873559E,2,1,13737756,7060499,7060499,6677257,INR,1B:1G:1I,False,False,False,PASS
VALIDATION,GATEWAY-GWY-B1BECCFE,BANK-BNK-218D809F+GATEWAY-GWY-B1BECCFE+INVOICE-INV-22127B53,2,1,1270632,653040,653040,617592,INR,1B:1G:1I,False,False,False,PASS
VALIDATION,BANK-BNK-CA47BDCA,BANK-BNK-CA47BDCA+GATEWAY-GWY-E3281DEB,2,0,25754742,0,0,25754742,INR,1B:1G:0I,False,False,False,PASS
VALIDATION,GATEWAY-GWY-A43CAC7E,BANK-BNK-07391E73+GATEWAY-GWY-A43CAC7E,2,0,23876532,0,0,23876532,INR,1B:1G:0I,False,False,False,PASS
VALIDATION,INVOICE-INV-B1565836,BANK-BNK-F436F7D7+GATEWAY-GWY-1B9488A5+INVOICE-INV-B1565836,2,1,19502792,10023432,10023432,9479360,INR,1B:1G:1I,False,False,False,PASS
VALIDATION,GATEWAY-GWY-526DCB4E,BANK-BNK-0FAD1F79+GATEWAY-GWY-526DCB4E+INVOICE-INV-9091ED9C,2,1,15923804,8184016,8184016,7739788,INR,1B:1G:1I,False,False,False,PASS
VALIDATION,BANK-BNK-0A0BB30A,BANK-BNK-0A0BB30A+GATEWAY-GWY-22EAF823+INVOICE-INV-B560DE8E,2,1,28506658,14650956,14650956,13855702,INR,1B:1G:1I,False,False,False,PASS
VALIDATION,BANK-BNK-64934E98,BANK-BNK-64934E98+GATEWAY-GWY-8B004363,2,0,23168214,0,0,23168214,INR,1B:1G:0I,False,False,False,PASS
VALIDATION,GATEWAY-GWY-F7355F5D,BANK-BNK-A258D108+GATEWAY-GWY-F7355F5D+INVOICE-INV-4F3C768D,2,1,18080656,9292527,9292527,8788129,INR,1B:1G:1I,False,False,False,PASS
VALIDATION,BANK-BNK-9B9B1C32,BANK-BNK-9B9B1C32+GATEWAY-GWY-D55C0F6A+INVOICE-INV-A3666668,2,1,19491248,10017498,10017498,9473750,INR,1B:1G:1I,False,False,False,PASS
VALIDATION,BANK-BNK-8F1299C6,BANK-BNK-8F1299C6+GATEWAY-GWY-9145EFB0+INVOICE-INV-4E3CC59A,2,1,12837060,6597589,6597589,6239471,INR,1B:1G:1I,False,False,False,PASS
VALIDATION,GATEWAY-GWY-26797CE1,BANK-BNK-CB97DF1D+GATEWAY-GWY-26797CE1,2,0,19781172,0,0,19781172,INR,1B:1G:0I,False,False,False,PASS
VALIDATION,BANK-BNK-49DDEB92,BANK-BNK-49DDEB92+GATEWAY-GWY-AF1FB21F+INVOICE-INV-A72E0E70,2,1,11618702,5971416,5971416,5647286,INR,1B:1G:1I,False,False,False,PASS
VALIDATION,INVOICE-INV-4869BB80,BANK-BNK-413D8053+GATEWAY-GWY-A79068CD+INVOICE-INV-4869BB80,2,1,1178272,605571,605571,572701,INR,1B:1G:1I,False,False,False,PASS
VALIDATION,GATEWAY-GWY-1963E492,BANK-BNK-811B5092+GATEWAY-GWY-1963E492,2,0,38913208,0,0,38913208,INR,1B:1G:0I,False,False,False,PASS
VALIDATION,GATEWAY-GWY-8B0057B7,BANK-BNK-5B4C445A+GATEWAY-GWY-8B0057B7,2,0,18319354,0,0,18319354,INR,1B:1G:0I,False,False,False,PASS
VALIDATION,GATEWAY-GWY-91927087,BANK-BNK-07CC06DA+GATEWAY-GWY-91927087,2,0,19159792,0,0,19159792,INR,1B:1G:0I,False,False,False,PASS
VALIDATION,BANK-BNK-13CFDA33,BANK-BNK-13CFDA33+GATEWAY-GWY-3087C075,2,0,15139320,0,0,15139320,INR,1B:1G:0I,False,False,False,PASS
VALIDATION,GATEWAY-GWY-C60B5C8F,BANK-BNK-C9CA19B1+GATEWAY-GWY-C60B5C8F,2,0,18966386,0,0,18966386,INR,1B:1G:0I,False,False,False,PASS
VALIDATION,GATEWAY-GWY-E8207BA6,BANK-BNK-FCB474E0+GATEWAY-GWY-E8207BA6,2,0,9526802,0,0,9526802,INR,1B:1G:0I,False,False,False,PASS
VALIDATION,GATEWAY-GWY-5F227C0C,BANK-BNK-FB83D165+GATEWAY-GWY-5F227C0C+INVOICE-INV-97C4AAE7,2,1,24946412,12821173,12821173,12125239,INR,1B:1G:1I,False,False,False,PASS
VALIDATION,BANK-BNK-A59CA750,BANK-BNK-A59CA750+GATEWAY-GWY-C88D3B63+INVOICE-INV-81EFF7B7,2,1,23844044,12254612,12254612,11589432,INR,1B:1G:1I,False,False,False,PASS
VALIDATION,GATEWAY-GWY-7955F5B2,BANK-BNK-CCD8B7D0+GATEWAY-GWY-7955F5B2,2,0,21106750,0,0,21106750,INR,1B:1G:0I,False,False,False,PASS
VALIDATION,GATEWAY-GWY-24E597C4,BANK-BNK-EA2891E2+GATEWAY-GWY-24E597C4+INVOICE-INV-DD846ADA,2,1,35549816,18270777,18270777,17279039,INR,1B:1G:1I,False,False,False,PASS
VALIDATION,BANK-BNK-16405BBD,BANK-BNK-16405BBD+GATEWAY-GWY-0CF6DE6E+INVOICE-INV-553AE9E1,2,1,22212558,11416113,11416113,10796445,INR,1B:1G:1I,False,False,False,PASS
VALIDATION,BANK-BNK-88A6803C,BANK-BNK-88A6803C+GATEWAY-GWY-D3CDCB93,2,0,29760372,0,0,29760372,INR,1B:1G:0I,False,False,False,PASS
VALIDATION,BANK-BNK-5BE50F1C,BANK-BNK-5BE50F1C+GATEWAY-GWY-03A02F28,2,0,34267974,0,0,34267974,INR,1B:1G:0I,False,False,False,PASS
VALIDATION,BANK-BNK-0C8C595E,BANK-BNK-0C8C595E+GATEWAY-GWY-BD847950,2,0,13801990,0,0,13801990,INR,1B:1G:0I,False,False,False,PASS
VALIDATION,GATEWAY-GWY-0A86BED6,BANK-BNK-8098521A+GATEWAY-GWY-0A86BED6,2,0,25849330,0,0,25849330,INR,1B:1G:0I,False,False,False,PASS
VALIDATION,BANK-BNK-BF3EEC21,BANK-BNK-BF3EEC21+GATEWAY-GWY-BA038A33,2,0,23255924,0,0,23255924,INR,1B:1G:0I,False,False,False,PASS
VALIDATION,BANK-BNK-DCE42C2D,BANK-BNK-DCE42C2D+GATEWAY-GWY-272B495F+INVOICE-INV-1658440B,2,1,3408740,1751917,1751917,1656823,INR,1B:1G:1I,False,False,False,PASS
VALIDATION,GATEWAY-GWY-E3839A3F,BANK-BNK-9584F10A+GATEWAY-GWY-E3839A3F+INVOICE-INV-E538C481,2,1,12864670,6611779,6611779,6252891,INR,1B:1G:1I,False,False,False,PASS
VALIDATION,BANK-BNK-1DB9130C,BANK-BNK-1DB9130C+GATEWAY-GWY-FA50B164+INVOICE-INV-3E1912BA,2,1,32710136,16811328,16811328,15898808,INR,1B:1G:1I,False,False,False,PASS
VALIDATION,INVOICE-INV-FF47FEB1,BANK-BNK-01D1245B+GATEWAY-GWY-5859ED47+INVOICE-INV-FF47FEB1,2,1,3294234,1693067,1693067,1601167,INR,1B:1G:1I,False,False,False,PASS
VALIDATION,GATEWAY-GWY-B2E48C16,BANK-BNK-77DC221A+GATEWAY-GWY-B2E48C16+INVOICE-INV-CC099CAC,2,1,38161670,19613135,19613135,18548535,INR,1B:1G:1I,False,False,False,PASS
VALIDATION,BANK-BNK-4BE83CFD,BANK-BNK-4BE83CFD+GATEWAY-GWY-49BD6876+INVOICE-INV-57ED7884,2,1,1363324,700679,700679,662645,INR,1B:1G:1I,False,False,False,PASS
VALIDATION,BANK-BNK-8FFCA736,BANK-BNK-8FFCA736+GATEWAY-GWY-5E720368+INVOICE-INV-D304B776,2,1,18479144,9497330,9497330,8981814,INR,1B:1G:1I,False,False,False,PASS
VALIDATION,GATEWAY-GWY-0FE07036,BANK-BNK-A1176C88+GATEWAY-GWY-0FE07036+INVOICE-INV-5A1B84CC,2,1,15478438,7955121,7955121,7523317,INR,1B:1G:1I,False,False,False,PASS
VALIDATION,INVOICE-INV-B94832C9,BANK-BNK-23ABAB17+GATEWAY-GWY-2222CBF1+INVOICE-INV-B94832C9,2,1,27593758,14181773,14181773,13411985,INR,1B:1G:1I,False,False,False,PASS
VALIDATION,BANK-BNK-0CEE9945,BANK-BNK-0CEE9945+GATEWAY-GWY-8F4FF38F+INVOICE-INV-7BAAF7C6,2,1,34768856,17869403,17869403,16899453,INR,1B:1G:1I,False,False,False,PASS
VALIDATION,BANK-BNK-0932D7CE,BANK-BNK-0932D7CE+GATEWAY-GWY-DA31C5A1+INVOICE-INV-FF2EE326,2,1,19345242,9942460,9942460,9402782,INR,1B:1G:1I,False,False,False,PASS
VALIDATION,BANK-BNK-E2A858A3,BANK-BNK-E2A858A3+GATEWAY-GWY-CE8AF00A+INVOICE-INV-187E55A3,2,1,34754802,17862180,17862180,16892622,INR,1B:1G:1I,False,False,False,PASS
VALIDATION,INVOICE-INV-7647E75A,BANK-BNK-06461A4B+GATEWAY-GWY-89C914CC+INVOICE-INV-7647E75A,2,1,11432166,5875546,5875546,5556620,INR,1B:1G:1I,False,False,False,PASS
VALIDATION,GATEWAY-GWY-C256ACAB,BANK-BNK-7EA1ED0C+GATEWAY-GWY-C256ACAB+INVOICE-INV-ECC46E30,2,1,37549932,19298734,19298734,18251198,INR,1B:1G:1I,False,False,False,PASS
VALIDATION,BANK-BNK-D0D083DC,BANK-BNK-D0D083DC+GATEWAY-GWY-D95BDF89,2,0,19027260,0,0,19027260,INR,1B:1G:0I,False,False,False,PASS
VALIDATION,GATEWAY-GWY-42E07C69,BANK-BNK-9B27AFD4+GATEWAY-GWY-42E07C69,2,0,2521228,0,0,2521228,INR,1B:1G:0I,False,False,False,PASS
VALIDATION,GATEWAY-GWY-A3CA8B27,BANK-BNK-F59DDC78+GATEWAY-GWY-A3CA8B27+INVOICE-INV-7BCAA708,2,1,16951322,8712107,8712107,8239215,INR,1B:1G:1I,False,False,False,PASS
VALIDATION,INVOICE-INV-D1BBAE18,BANK-BNK-A0EE7B8C+GATEWAY-GWY-0117BD43+INVOICE-INV-D1BBAE18,2,1,30779500,15819080,15819080,14960420,INR,1B:1G:1I,False,False,False,PASS
VALIDATION,INVOICE-INV-53E882C4,BANK-BNK-70B0F5AC+GATEWAY-GWY-24C28FB7+INVOICE-INV-53E882C4,2,1,28524232,14659988,14659988,13864244,INR,1B:1G:1I,False,False,False,PASS
VALIDATION,BANK-BNK-DAEA6CD1,BANK-BNK-DAEA6CD1+GATEWAY-GWY-5AA7866F+INVOICE-INV-C99259AD,2,1,27455506,14110718,14110718,13344788,INR,1B:1G:1I,False,False,False,PASS
VALIDATION,GATEWAY-GWY-DF579759,BANK-BNK-7558084F+GATEWAY-GWY-DF579759,2,0,23221764,0,0,23221764,INR,1B:1G:0I,False,False,False,PASS
VALIDATION,INVOICE-INV-41971393,BANK-BNK-AEA25742+GATEWAY-GWY-EA2FE78D+INVOICE-INV-41971393,2,1,31426750,16151733,16151733,15275017,INR,1B:1G:1I,False,False,False,PASS
VALIDATION,INVOICE-INV-2424AB08,BANK-BNK-6FDB8C15+GATEWAY-GWY-D6DFE3EF+INVOICE-INV-2424AB08,2,1,22544544,11586736,11586736,10957808,INR,1B:1G:1I,False,False,False,PASS
VALIDATION,BANK-BNK-8C90188D,BANK-BNK-8C90188D+GATEWAY-GWY-CAD57FA5+INVOICE-INV-D37211EC,2,1,22901602,11770246,11770246,11131356,INR,1B:1G:1I,False,False,False,PASS
VALIDATION,BANK-BNK-2FD4B8F6,BANK-BNK-2FD4B8F6+GATEWAY-GWY-02130EA0,2,0,11550402,0,0,11550402,INR,1B:1G:0I,False,False,False,PASS
VALIDATION,INVOICE-INV-68C5F9AF,BANK-BNK-31FC601C+GATEWAY-GWY-40CEDB63+INVOICE-INV-68C5F9AF,2,1,772572,397062,397062,375510,INR,1B:1G:1I,False,False,False,PASS
VALIDATION,BANK-BNK-B4BCFFC8,BANK-BNK-B4BCFFC8+GATEWAY-GWY-02439B4A+INVOICE-INV-AEA2FD96,2,1,26877754,13813783,13813783,13063971,INR,1B:1G:1I,False,False,False,PASS
VALIDATION,BANK-BNK-1ED0E0CD,BANK-BNK-1ED0E0CD+GATEWAY-GWY-91391F50,2,0,13378310,0,0,13378310,INR,1B:1G:0I,False,False,False,PASS
VALIDATION,INVOICE-INV-DA46007B,BANK-BNK-E4260935+GATEWAY-GWY-2B9E5200+INVOICE-INV-DA46007B,2,1,34714570,17841504,17841504,16873066,INR,1B:1G:1I,False,False,False,PASS
VALIDATION,BANK-BNK-BAEC5BAB,BANK-BNK-BAEC5BAB+GATEWAY-GWY-7CAE4733+INVOICE-INV-9D38CD4B,2,1,409764,210598,210598,199166,INR,1B:1G:1I,False,False,False,PASS
VALIDATION,INVOICE-INV-1CA95FC7,BANK-BNK-A02D6E57+GATEWAY-GWY-EDBF974C+INVOICE-INV-1CA95FC7,2,1,38053332,19557455,19557455,18495877,INR,1B:1G:1I,False,False,False,PASS
VALIDATION,INVOICE-INV-7478D199,BANK-BNK-FE558AAB+GATEWAY-GWY-43CED88E+INVOICE-INV-7478D199,2,1,32834382,16875183,16875183,15959199,INR,1B:1G:1I,False,False,False,PASS
VALIDATION,INVOICE-INV-F258AE06,BANK-BNK-4B2D74B3+GATEWAY-GWY-F6418A20+INVOICE-INV-F258AE06,2,1,4317686,2219069,2219069,2098617,INR,1B:1G:1I,False,False,False,PASS
VALIDATION,INVOICE-INV-810D782E,BANK-BNK-CC056F85+GATEWAY-GWY-25E88EE0+INVOICE-INV-810D782E,2,1,10651300,5474220,5474220,5177080,INR,1B:1G:1I,False,False,False,PASS
VALIDATION,INVOICE-INV-EE10D33B,BANK-BNK-C070AB79+GATEWAY-GWY-86302E47+INVOICE-INV-EE10D33B,2,1,33296518,17112698,17112698,16183820,INR,1B:1G:1I,False,False,False,PASS
VALIDATION,INVOICE-INV-37FFF7B1,INVOICE-INV-37FFF7B1,0,1,0,2905419,2905419,2905419,INR,0B:0G:1I,False,False,False,PASS
VALIDATION,BANK-BNK-76680AB3,GATEWAY-GWY-48E613AF,1,0,17074937,0,0,17074937,INR,0B:1G:0I,False,False,False,PASS
VALIDATION,INVOICE-INV-814DE1DD,INVOICE-INV-814DE1DD,0,1,0,15854148,15854148,15854148,INR,0B:0G:1I,False,False,False,PASS
VALIDATION,INVOICE-INV-78E19542,INVOICE-INV-78E19542,0,1,0,10395984,10395984,10395984,INR,0B:0G:1I,False,False,False,PASS
VALIDATION,INVOICE-INV-CE660728,INVOICE-INV-CE660728,0,1,0,18063485,18063485,18063485,INR,0B:0G:1I,False,False,False,PASS
VALIDATION,INVOICE-INV-F77E9C83,INVOICE-INV-F77E9C83,0,1,0,2100853,2100853,2100853,INR,0B:0G:1I,False,False,False,PASS
VALIDATION,GATEWAY-GWY-1D705D17,INVOICE-INV-7AE26137,0,1,0,13057595,13057595,13057595,INR,0B:0G:1I,False,False,False,PASS
VALIDATION,GATEWAY-GWY-3CD27281,INVOICE-INV-37003434,0,1,0,1687557,1687557,1687557,INR,0B:0G:1I,False,False,False,PASS
VALIDATION,INVOICE-INV-BA3B6279,INVOICE-INV-BA3B6279,0,1,0,15492116,15492116,15492116,INR,0B:0G:1I,False,False,False,PASS
VALIDATION,GATEWAY-GWY-BFBD529F,INVOICE-INV-536EFA8B,0,1,0,5104485,5104485,5104485,INR,0B:0G:1I,False,False,False,PASS
VALIDATION,GATEWAY-GWY-172F00A0,INVOICE-INV-0EB7A29B,0,1,0,11770307,11770307,11770307,INR,0B:0G:1I,False,False,False,PASS
VALIDATION,INVOICE-INV-DFC35B3D,INVOICE-INV-DFC35B3D,0,1,0,13917594,13917594,13917594,INR,0B:0G:1I,False,False,False,PASS
VALIDATION,INVOICE-INV-6227D2F0,INVOICE-INV-6227D2F0,0,1,0,16702810,16702810,16702810,INR,0B:0G:1I,False,False,False,PASS
VALIDATION,INVOICE-INV-D04C313D,INVOICE-INV-D04C313D,0,1,0,7388564,7388564,7388564,INR,0B:0G:1I,False,False,False,PASS
VALIDATION,INVOICE-INV-6412383F,INVOICE-INV-6412383F,0,1,0,18998568,18998568,18998568,INR,0B:0G:1I,False,False,False,PASS
VALIDATION,GATEWAY-GWY-F3B04CC4,INVOICE-INV-D2ED0F65,0,1,0,13593725,13593725,13593725,INR,0B:0G:1I,False,False,False,PASS
VALIDATION,GATEWAY-GWY-F8A2A8C0,INVOICE-INV-624E0A31,0,1,0,3247236,3247236,3247236,INR,0B:0G:1I,False,False,False,PASS
VALIDATION,GATEWAY-GWY-163E7B39,INVOICE-INV-432ABFB1,0,1,0,19224873,19224873,19224873,INR,0B:0G:1I,False,False,False,PASS
VALIDATION,INVOICE-INV-D041E4EF,INVOICE-INV-D041E4EF,0,1,0,19938661,19938661,19938661,INR,0B:0G:1I,False,False,False,PASS
VALIDATION,INVOICE-INV-A91AB754,INVOICE-INV-A91AB754,0,1,0,14550915,14550915,14550915,INR,0B:0G:1I,False,False,False,PASS
VALIDATION,GATEWAY-GWY-A30CD634,INVOICE-INV-36DB161C,0,1,0,5882512,5882512,5882512,INR,0B:0G:1I,False,False,False,PASS
VALIDATION,INVOICE-INV-07487428,INVOICE-INV-07487428,0,1,0,14911683,14911683,14911683,INR,0B:0G:1I,False,False,False,PASS
VALIDATION,INVOICE-INV-1D34D527,INVOICE-INV-1D34D527,0,1,0,17346194,17346194,17346194,INR,0B:0G:1I,False,False,False,PASS
VALIDATION,GATEWAY-GWY-3CBC7F4B,INVOICE-INV-5C221295,0,1,0,17431471,17431471,17431471,INR,0B:0G:1I,False,False,False,PASS
VALIDATION,INVOICE-INV-316A0739,INVOICE-INV-316A0739,0,1,0,11142971,11142971,11142971,INR,0B:0G:1I,False,False,False,PASS
VALIDATION,INVOICE-INV-98F3A800,INVOICE-INV-98F3A800,0,1,0,7517378,7517378,7517378,INR,0B:0G:1I,False,False,False,PASS
VALIDATION,GATEWAY-GWY-AFEDCA98,INVOICE-INV-C7E8A3A1,0,1,0,5318505,5318505,5318505,INR,0B:0G:1I,False,False,False,PASS
VALIDATION,GATEWAY-GWY-7EC36FEE,INVOICE-INV-D9E44065,0,1,0,12918443,12918443,12918443,INR,0B:0G:1I,False,False,False,PASS
VALIDATION,INVOICE-INV-56D20C20,INVOICE-INV-56D20C20,0,1,0,10876204,10876204,10876204,INR,0B:0G:1I,False,False,False,PASS
VALIDATION,GATEWAY-GWY-4206950F,INVOICE-INV-D1D1C37E,0,1,0,8614699,8614699,8614699,INR,0B:0G:1I,False,False,False,PASS
VALIDATION,INVOICE-INV-1A13AB0C,INVOICE-INV-1A13AB0C,0,1,0,19701195,19701195,19701195,INR,0B:0G:1I,False,False,False,PASS
TEST_ADVERSARIAL,GATEWAY-GWY-94C9584F,BANK-BNK-2EAE5916+GATEWAY-GWY-94C9584F+INVOICE-INV-6D3318EC,2,1,37295120,19167774,19167774,18127346,INR,1B:1G:1I,False,False,False,PASS
TEST_ADVERSARIAL,GATEWAY-GWY-5F48CD98,BANK-BNK-95D27AA4+GATEWAY-GWY-5F48CD98,2,0,22810454,0,0,22810454,INR,1B:1G:0I,False,False,False,PASS
TEST_ADVERSARIAL,INVOICE-INV-34FD1B75,BANK-BNK-BB8285B8+GATEWAY-GWY-1084FFCC+INVOICE-INV-34FD1B75,2,1,8744606,4494277,4494277,4250329,INR,1B:1G:1I,False,False,False,PASS
TEST_ADVERSARIAL,BANK-BNK-96008444,BANK-BNK-96008444+GATEWAY-GWY-1F8E8FFB,2,0,36692240,0,0,36692240,INR,1B:1G:0I,False,False,False,PASS
TEST_ADVERSARIAL,GATEWAY-GWY-68B0D8AD,BANK-BNK-5BE14143+GATEWAY-GWY-68B0D8AD,2,0,26478628,0,0,26478628,INR,1B:1G:0I,False,False,False,PASS
TEST_ADVERSARIAL,GATEWAY-GWY-40EE6C75,BANK-BNK-F8966342+GATEWAY-GWY-40EE6C75,2,0,1102344,0,0,1102344,INR,1B:1G:0I,False,False,False,PASS
TEST_ADVERSARIAL,BANK-BNK-04FBD2A9,BANK-BNK-04FBD2A9+GATEWAY-GWY-67A343F1,2,0,36187332,0,0,36187332,INR,1B:1G:0I,False,False,False,PASS
TEST_ADVERSARIAL,BANK-BNK-0DE9C83E,BANK-BNK-0DE9C83E+GATEWAY-GWY-C3222EE6+INVOICE-INV-5E1B1ACD,2,1,32653894,16782422,16782422,15871472,INR,1B:1G:1I,False,False,False,PASS
TEST_ADVERSARIAL,BANK-BNK-1F262000,BANK-BNK-1F262000+GATEWAY-GWY-611277B6+INVOICE-INV-5A577BF4,2,1,33794576,17368673,17368673,16425903,INR,1B:1G:1I,False,False,False,PASS
TEST_ADVERSARIAL,INVOICE-INV-F6E5CCB4,BANK-BNK-4962B5AF+GATEWAY-GWY-7BDB268D+INVOICE-INV-F6E5CCB4,2,1,11036290,5672085,5672085,5364205,INR,1B:1G:1I,False,False,False,PASS
TEST_ADVERSARIAL,GATEWAY-GWY-57DEDFF3,BANK-BNK-04DC268A+GATEWAY-GWY-57DEDFF3+INVOICE-INV-2FFBBF7F,2,1,3763596,1934295,1934295,1829301,INR,1B:1G:1I,False,False,False,PASS
TEST_ADVERSARIAL,INVOICE-INV-1DD9632F,BANK-BNK-B2D5CC00+GATEWAY-GWY-ADED9841+INVOICE-INV-1DD9632F,2,1,34967926,17971715,17971715,16996211,INR,1B:1G:1I,False,False,False,PASS
TEST_ADVERSARIAL,BANK-BNK-43A56FE0,BANK-BNK-43A56FE0+GATEWAY-GWY-E0438FA8+INVOICE-INV-8B4AE32F,2,1,1029362,529039,529039,500323,INR,1B:1G:1I,False,False,False,PASS
TEST_ADVERSARIAL,BANK-BNK-62F25BB9,BANK-BNK-62F25BB9+GATEWAY-GWY-95B4F2C4,2,0,15949516,0,0,15949516,INR,1B:1G:0I,False,False,False,PASS
TEST_ADVERSARIAL,GATEWAY-GWY-00E8C7E2,BANK-BNK-A3440B18+GATEWAY-GWY-00E8C7E2+INVOICE-INV-3E15D435,2,1,25403768,13056230,13056230,12347538,INR,1B:1G:1I,False,False,False,PASS
TEST_ADVERSARIAL,GATEWAY-GWY-B7586B4C,BANK-BNK-B204A62F+GATEWAY-GWY-B7586B4C+INVOICE-INV-9AC17795,2,1,17154130,8816341,8816341,8337789,INR,1B:1G:1I,False,False,False,PASS
TEST_ADVERSARIAL,GATEWAY-GWY-4DD54BB5,BANK-BNK-B6CF753C+GATEWAY-GWY-4DD54BB5+INVOICE-INV-240787D7,2,1,21029328,10807993,10807993,10221335,INR,1B:1G:1I,False,False,False,PASS
TEST_ADVERSARIAL,GATEWAY-GWY-E93F2C5A,BANK-BNK-1288479D+GATEWAY-GWY-E93F2C5A,2,0,5995256,0,0,5995256,INR,1B:1G:0I,False,False,False,PASS
TEST_ADVERSARIAL,GATEWAY-GWY-DFDEDC7C,BANK-BNK-7972D033+GATEWAY-GWY-DFDEDC7C+INVOICE-INV-EBFC5736,2,1,5541478,2848035,2848035,2693443,INR,1B:1G:1I,False,False,False,PASS
TEST_ADVERSARIAL,BANK-BNK-D6FD6D1B,BANK-BNK-D6FD6D1B+GATEWAY-GWY-62B68F7F+INVOICE-INV-4238B1A8,2,1,30447808,15648607,15648607,14799201,INR,1B:1G:1I,False,False,False,PASS
TEST_ADVERSARIAL,GATEWAY-GWY-B0EF9470,BANK-BNK-921D7CFA+GATEWAY-GWY-B0EF9470+INVOICE-INV-00D71850,2,1,5745486,2952884,2952884,2792602,INR,1B:1G:1I,False,False,False,PASS
TEST_ADVERSARIAL,GATEWAY-GWY-5E14AF44,BANK-BNK-4A4C7EE4+GATEWAY-GWY-5E14AF44+INVOICE-INV-B7F8CEF1,2,1,9027900,4639876,4639876,4388024,INR,1B:1G:1I,False,False,False,PASS
TEST_ADVERSARIAL,GATEWAY-GWY-B96B892B,BANK-BNK-0441A4F9+GATEWAY-GWY-B96B892B,2,0,14421684,0,0,14421684,INR,1B:1G:0I,False,False,False,PASS
TEST_ADVERSARIAL,GATEWAY-GWY-84F71EAF,BANK-BNK-207B7970+GATEWAY-GWY-84F71EAF,2,0,10419860,0,0,10419860,INR,1B:1G:0I,False,False,False,PASS
TEST_ADVERSARIAL,BANK-BNK-01C9FC53,BANK-BNK-01C9FC53+GATEWAY-GWY-7FF8E529,2,0,36796156,0,0,36796156,INR,1B:1G:0I,False,False,False,PASS
TEST_ADVERSARIAL,BANK-BNK-40950D6C,BANK-BNK-40950D6C+GATEWAY-GWY-6D9C71E4+INVOICE-INV-0A0FA889,2,1,12859720,6609234,6609234,6250486,INR,1B:1G:1I,False,False,False,PASS
TEST_ADVERSARIAL,INVOICE-INV-12B4FC49,BANK-BNK-4E9BA04C+GATEWAY-GWY-838FDD67+INVOICE-INV-12B4FC49,2,1,22466482,11546616,11546616,10919866,INR,1B:1G:1I,False,False,False,PASS
TEST_ADVERSARIAL,GATEWAY-GWY-4B0A1740,BANK-BNK-E0339280+GATEWAY-GWY-4B0A1740,2,0,30089666,0,0,30089666,INR,1B:1G:0I,False,False,False,PASS
TEST_ADVERSARIAL,INVOICE-INV-ABD0A0B5,BANK-BNK-274F7230+GATEWAY-GWY-6F4469E8+INVOICE-INV-ABD0A0B5,2,1,27163498,13960641,13960641,13202857,INR,1B:1G:1I,False,False,False,PASS
TEST_ADVERSARIAL,BANK-BNK-58DF39D3,BANK-BNK-58DF39D3+GATEWAY-GWY-0C244ADA+INVOICE-INV-FF576DFC,2,1,9576346,4921749,4921749,4654597,INR,1B:1G:1I,False,False,False,PASS
TEST_ADVERSARIAL,INVOICE-INV-739FB02A,BANK-BNK-28101ACB+GATEWAY-GWY-763B4B48+INVOICE-INV-739FB02A,2,1,15561774,7997952,7997952,7563822,INR,1B:1G:1I,False,False,False,PASS
TEST_ADVERSARIAL,GATEWAY-GWY-0AD4002D,BANK-BNK-CA421DA4+GATEWAY-GWY-0AD4002D,2,0,24262632,0,0,24262632,INR,1B:1G:0I,False,False,False,PASS
TEST_ADVERSARIAL,GATEWAY-GWY-5306902F,BANK-BNK-8919566B+GATEWAY-GWY-5306902F,2,0,1344592,0,0,1344592,INR,1B:1G:0I,False,False,False,PASS
TEST_ADVERSARIAL,BANK-BNK-2E4B5FA4,BANK-BNK-2E4B5FA4+GATEWAY-GWY-BA4A9015,2,0,2422046,0,0,2422046,INR,1B:1G:0I,False,False,False,PASS
TEST_ADVERSARIAL,INVOICE-INV-95C886BF,BANK-BNK-BE38D3A0+GATEWAY-GWY-76E6E379+INVOICE-INV-95C886BF,2,1,19072560,9802315,9802315,9270245,INR,1B:1G:1I,False,False,False,PASS
TEST_ADVERSARIAL,INVOICE-INV-97938E1D,BANK-BNK-058DFAB2+GATEWAY-GWY-26497159+INVOICE-INV-97938E1D,2,1,34036510,17493015,17493015,16543495,INR,1B:1G:1I,False,False,False,PASS
TEST_ADVERSARIAL,INVOICE-INV-2B9B6777,BANK-BNK-70657E47+GATEWAY-GWY-1ED207E1+INVOICE-INV-2B9B6777,2,1,10272228,5279397,5279397,4992831,INR,1B:1G:1I,False,False,False,PASS
TEST_ADVERSARIAL,INVOICE-INV-9630FBCA,BANK-BNK-72B0CBC7+GATEWAY-GWY-354FE435+INVOICE-INV-9630FBCA,2,1,32793954,16854405,16854405,15939549,INR,1B:1G:1I,False,False,False,PASS
TEST_ADVERSARIAL,GATEWAY-GWY-375F4132,BANK-BNK-6F2BC9D1+GATEWAY-GWY-375F4132+INVOICE-INV-27684FE7,2,1,24703850,12696509,12696509,12007341,INR,1B:1G:1I,False,False,False,PASS
TEST_ADVERSARIAL,GATEWAY-GWY-440B291F,BANK-BNK-F4C8D83C+GATEWAY-GWY-440B291F,2,0,22794324,0,0,22794324,INR,1B:1G:0I,False,False,False,PASS
TEST_ADVERSARIAL,BANK-BNK-3F6A82AC,BANK-BNK-3F6A82AC+GATEWAY-GWY-AB5311A8+INVOICE-INV-3990763E,2,1,15896346,8169904,8169904,7726442,INR,1B:1G:1I,False,False,False,PASS
TEST_ADVERSARIAL,BANK-BNK-95A12BED,BANK-BNK-95A12BED+GATEWAY-GWY-E3D78589+INVOICE-INV-9E130739,2,1,38111448,19587323,19587323,18524125,INR,1B:1G:1I,False,False,False,PASS
TEST_ADVERSARIAL,GATEWAY-GWY-9648672D,BANK-BNK-F7C997BF+GATEWAY-GWY-9648672D+INVOICE-INV-851E779E,2,1,29478428,15150396,15150396,14328032,INR,1B:1G:1I,False,False,False,PASS
TEST_ADVERSARIAL,GATEWAY-GWY-4E2596C5,BANK-BNK-79D8FBD6+GATEWAY-GWY-4E2596C5,2,0,30371974,0,0,30371974,INR,1B:1G:0I,False,False,False,PASS
TEST_ADVERSARIAL,INVOICE-INV-DB1768BB,BANK-BNK-813A9825+GATEWAY-GWY-0D1DBF74+INVOICE-INV-DB1768BB,2,1,14681008,7545284,7545284,7135724,INR,1B:1G:1I,False,False,False,PASS
TEST_ADVERSARIAL,BANK-BNK-1E6483B0,BANK-BNK-1E6483B0+GATEWAY-GWY-44367D8D+INVOICE-INV-3413C7B7,2,1,27389016,14076546,14076546,13312470,INR,1B:1G:1I,False,False,False,PASS
TEST_ADVERSARIAL,GATEWAY-GWY-63FB2EF4,BANK-BNK-15656CF6+GATEWAY-GWY-63FB2EF4+INVOICE-INV-4D12B18D,2,1,36415890,18715895,18715895,17699995,INR,1B:1G:1I,False,False,False,PASS
TEST_ADVERSARIAL,BANK-BNK-528CB092,BANK-BNK-528CB092+GATEWAY-GWY-A53E7530,2,0,36095010,0,0,36095010,INR,1B:1G:0I,False,False,False,PASS
TEST_ADVERSARIAL,BANK-BNK-C4DF0686,BANK-BNK-C4DF0686+GATEWAY-GWY-4C21ADCB,2,0,20619770,0,0,20619770,INR,1B:1G:0I,False,False,False,PASS
TEST_ADVERSARIAL,INVOICE-INV-C11D57AE,BANK-BNK-349D7973+GATEWAY-GWY-2653E5B5+INVOICE-INV-C11D57AE,2,1,30379898,15613705,15613705,14766193,INR,1B:1G:1I,False,False,False,PASS
TEST_ADVERSARIAL,BANK-BNK-B0FA3EA0,BANK-BNK-B0FA3EA0+GATEWAY-GWY-875DC3B6+INVOICE-INV-DC063904,2,1,11545758,5933925,5933925,5611833,INR,1B:1G:1I,False,False,False,PASS
TEST_ADVERSARIAL,BANK-BNK-CE4F60E9,BANK-BNK-CE4F60E9+GATEWAY-GWY-88BCDB00,2,0,34160348,0,0,34160348,INR,1B:1G:0I,False,False,False,PASS
TEST_ADVERSARIAL,INVOICE-INV-5AEDD689,BANK-BNK-97526B4E+GATEWAY-GWY-927B16EC+INVOICE-INV-5AEDD689,2,1,36430966,18723643,18723643,17707323,INR,1B:1G:1I,False,False,False,PASS
TEST_ADVERSARIAL,BANK-BNK-6B04AB00,BANK-BNK-6B04AB00+GATEWAY-GWY-42411859+INVOICE-INV-71DC6DF6,2,1,28792276,14797749,14797749,13994527,INR,1B:1G:1I,False,False,False,PASS
TEST_ADVERSARIAL,INVOICE-INV-2AB33074,BANK-BNK-577D1966+GATEWAY-GWY-541708B3+INVOICE-INV-2AB33074,2,1,38708818,19894342,19894342,18814476,INR,1B:1G:1I,False,False,False,PASS
TEST_ADVERSARIAL,GATEWAY-GWY-F5113B49,BANK-BNK-952413C0+GATEWAY-GWY-F5113B49,2,0,2867322,0,0,2867322,INR,1B:1G:0I,False,False,False,PASS
TEST_ADVERSARIAL,GATEWAY-GWY-7EA27F0F,BANK-BNK-AE4A909B+GATEWAY-GWY-7EA27F0F+INVOICE-INV-E7A7F1A5,2,1,5476584,2814683,2814683,2661901,INR,1B:1G:1I,False,False,False,PASS
TEST_ADVERSARIAL,GATEWAY-GWY-AE8DE9E3,BANK-BNK-5F71F4E9+GATEWAY-GWY-AE8DE9E3,2,0,21701668,0,0,21701668,INR,1B:1G:0I,False,False,False,PASS
TEST_ADVERSARIAL,GATEWAY-GWY-07D60213,BANK-BNK-418E6772+GATEWAY-GWY-07D60213+INVOICE-INV-9699F58D,2,1,35062050,18020090,18020090,17041960,INR,1B:1G:1I,False,False,False,PASS
TEST_ADVERSARIAL,BANK-BNK-07E04E8A,BANK-BNK-07E04E8A+GATEWAY-GWY-AB12A72C+INVOICE-INV-9BC6AAA2,2,1,38229850,19648176,19648176,18581674,INR,1B:1G:1I,False,False,False,PASS
TEST_ADVERSARIAL,GATEWAY-GWY-55B37D5F,GATEWAY-GWY-55B37D5F+INVOICE-INV-FFA62558,1,1,2392176,2458911,2458911,66735,INR,0B:1G:1I,False,False,False,PASS
TEST_ADVERSARIAL,GATEWAY-GWY-BB002F6F,BANK-BNK-20FA5594+GATEWAY-GWY-BB002F6F,2,0,35674814,0,0,35674814,INR,1B:1G:0I,False,False,False,PASS
TEST_ADVERSARIAL,GATEWAY-GWY-B45FB520,BANK-BNK-C803B797+GATEWAY-GWY-B45FB520+INVOICE-INV-6EAF4A18,2,1,36671906,18847474,18847474,17824432,INR,1B:1G:1I,False,False,False,PASS
TEST_ADVERSARIAL,BANK-BNK-1CF5F7FC,BANK-BNK-1CF5F7FC+GATEWAY-GWY-386B5E25,2,0,16922760,0,0,16922760,INR,1B:1G:0I,False,False,False,PASS
TEST_ADVERSARIAL,GATEWAY-GWY-C5E8244E,BANK-BNK-E3895542+GATEWAY-GWY-C5E8244E+INVOICE-INV-849F96E9,2,1,29832996,15332625,15332625,14500371,INR,1B:1G:1I,False,False,False,PASS
TEST_ADVERSARIAL,BANK-BNK-FA919915,BANK-BNK-FA919915+GATEWAY-GWY-E4673004+INVOICE-INV-FF567AE9,2,1,23648666,12154198,12154198,11494468,INR,1B:1G:1I,False,False,False,PASS
TEST_ADVERSARIAL,GATEWAY-GWY-8B32F2EC,BANK-BNK-16EF04DE+GATEWAY-GWY-8B32F2EC+INVOICE-INV-B355C1F0,2,1,2516620,1293414,1293414,1223206,INR,1B:1G:1I,False,False,False,PASS
TEST_ADVERSARIAL,INVOICE-INV-D5FAAA95,BANK-BNK-9E62F798+GATEWAY-GWY-AC93E3A8+INVOICE-INV-D5FAAA95,2,1,19672918,10110868,10110868,9562050,INR,1B:1G:1I,False,False,False,PASS
TEST_ADVERSARIAL,GATEWAY-GWY-E3D06D5E,BANK-BNK-58742B2F+GATEWAY-GWY-E3D06D5E+INVOICE-INV-50FEB46D,2,1,5651620,2904642,2904642,2746978,INR,1B:1G:1I,False,False,False,PASS
TEST_ADVERSARIAL,BANK-BNK-C6355672,BANK-BNK-C6355672+GATEWAY-GWY-B2468EED,2,0,28380864,0,0,28380864,INR,1B:1G:0I,False,False,False,PASS
TEST_ADVERSARIAL,INVOICE-INV-D8133941,BANK-BNK-6BA01589+GATEWAY-GWY-C769D4D2+INVOICE-INV-D8133941,2,1,23986542,12327849,12327849,11658693,INR,1B:1G:1I,False,False,False,PASS
TEST_ADVERSARIAL,BANK-BNK-72679D49,BANK-BNK-72679D49+GATEWAY-GWY-8A5C19F7+INVOICE-INV-6D5CC357,2,1,29118120,14965216,14965216,14152904,INR,1B:1G:1I,False,False,False,PASS
TEST_ADVERSARIAL,INVOICE-INV-A5EF8938,BANK-BNK-EF60CF26+GATEWAY-GWY-5B310AC6+INVOICE-INV-A5EF8938,2,1,25699514,13208228,13208228,12491286,INR,1B:1G:1I,False,False,False,PASS
TEST_ADVERSARIAL,BANK-BNK-7AF96693,BANK-BNK-7AF96693+GATEWAY-GWY-EEC4454D+INVOICE-INV-F2D77304,2,1,19349406,9944600,9944600,9404806,INR,1B:1G:1I,False,False,False,PASS
TEST_ADVERSARIAL,GATEWAY-GWY-3733FC79,BANK-BNK-97E66314+GATEWAY-GWY-3733FC79+INVOICE-INV-0EF5FEE2,2,1,26736812,13741346,13741346,12995466,INR,1B:1G:1I,False,False,False,PASS
TEST_ADVERSARIAL,GATEWAY-GWY-C80875D3,BANK-BNK-2E27FF77+GATEWAY-GWY-C80875D3+INVOICE-INV-B00CCA06,2,1,13947938,7168523,7168523,6779415,INR,1B:1G:1I,False,False,False,PASS
TEST_ADVERSARIAL,BANK-BNK-1BEE3389,BANK-BNK-1BEE3389+GATEWAY-GWY-F1B1728F+INVOICE-INV-AAB8BF93,2,1,22516556,11572352,11572352,10944204,INR,1B:1G:1I,False,False,False,PASS
TEST_ADVERSARIAL,GATEWAY-GWY-F62276D2,BANK-BNK-D26C36ED+GATEWAY-GWY-F62276D2+INVOICE-INV-EAB853E2,2,1,36471120,18744279,18744279,17726841,INR,1B:1G:1I,False,False,False,PASS
TEST_ADVERSARIAL,BANK-BNK-78258837,BANK-BNK-78258837+GATEWAY-GWY-C6D16B83+INVOICE-INV-53698347,2,1,11151980,5731543,5731543,5420437,INR,1B:1G:1I,False,False,False,PASS
TEST_ADVERSARIAL,BANK-BNK-0CD7B809,BANK-BNK-0CD7B809+GATEWAY-GWY-97087AB4,2,0,22781120,0,0,22781120,INR,1B:1G:0I,False,False,False,PASS
TEST_ADVERSARIAL,GATEWAY-GWY-05B3162A,BANK-BNK-6506882F+GATEWAY-GWY-05B3162A+INVOICE-INV-0BAEBBA4,2,1,17190390,8834976,8834976,8355414,INR,1B:1G:1I,False,False,False,PASS
TEST_ADVERSARIAL,GATEWAY-GWY-7FA21360,BANK-BNK-94898F74+GATEWAY-GWY-7FA21360,2,0,18558206,0,0,18558206,INR,1B:1G:0I,False,False,False,PASS
TEST_ADVERSARIAL,INVOICE-INV-51DB7BB5,BANK-BNK-916EA94D+GATEWAY-GWY-5F366645+INVOICE-INV-51DB7BB5,2,1,17677682,9085420,9085420,8592262,INR,1B:1G:1I,False,False,False,PASS
TEST_ADVERSARIAL,GATEWAY-GWY-8B0B64C7,BANK-BNK-FE73A2C5+GATEWAY-GWY-8B0B64C7,2,0,22310154,0,0,22310154,INR,1B:1G:0I,False,False,False,PASS
TEST_ADVERSARIAL,GATEWAY-GWY-469AC4DC,BANK-BNK-CE92A5EE+GATEWAY-GWY-469AC4DC+INVOICE-INV-DDB36E15,2,1,38374528,19722533,19722533,18651995,INR,1B:1G:1I,False,False,False,PASS
TEST_ADVERSARIAL,BANK-BNK-53582998,BANK-BNK-53582998+GATEWAY-GWY-0A1F77AD+INVOICE-INV-AAFE9D88,2,1,1177840,605349,605349,572491,INR,1B:1G:1I,False,False,False,PASS
TEST_ADVERSARIAL,INVOICE-INV-8D59DC55,BANK-BNK-EBDFF99F+GATEWAY-GWY-F1146A82+INVOICE-INV-8D59DC55,2,1,2611564,1342210,1342210,1269354,INR,1B:1G:1I,False,False,False,PASS
TEST_ADVERSARIAL,BANK-BNK-7324C7D1,BANK-BNK-7324C7D1+GATEWAY-GWY-25FF46DD+INVOICE-INV-98E3F672,2,1,30558530,15705513,15705513,14853017,INR,1B:1G:1I,False,False,False,PASS
TEST_ADVERSARIAL,INVOICE-INV-FD23FB5C,BANK-BNK-D061A0EF+GATEWAY-GWY-54A86865+INVOICE-INV-FD23FB5C,2,1,24804054,12748008,12748008,12056046,INR,1B:1G:1I,False,False,False,PASS
TEST_ADVERSARIAL,BANK-BNK-4F2EB628,BANK-BNK-4F2EB628+GATEWAY-GWY-78BEF643+INVOICE-INV-BCFE824F,2,1,228022,117191,117191,110831,INR,1B:1G:1I,False,False,False,PASS
TEST_ADVERSARIAL,GATEWAY-GWY-45312777,BANK-BNK-6A941660+GATEWAY-GWY-45312777,2,0,19315846,0,0,19315846,INR,1B:1G:0I,False,False,False,PASS
TEST_ADVERSARIAL,BANK-BNK-97C17E21,BANK-BNK-97C17E21+GATEWAY-GWY-8F4201B9+INVOICE-INV-405BF2BA,2,1,12986418,6674351,6674351,6312067,INR,1B:1G:1I,False,False,False,PASS
TEST_ADVERSARIAL,BANK-BNK-2D515C51,BANK-BNK-2D515C51+GATEWAY-GWY-F7600DA7,2,0,3279830,0,0,3279830,INR,1B:1G:0I,False,False,False,PASS
TEST_ADVERSARIAL,GATEWAY-GWY-773B3DD5,BANK-BNK-53664FCC+GATEWAY-GWY-773B3DD5+INVOICE-INV-1831AFE7,2,1,4162046,2139078,2139078,2022968,INR,1B:1G:1I,False,False,False,PASS
TEST_ADVERSARIAL,BANK-BNK-218E5A8B,BANK-BNK-218E5A8B+GATEWAY-GWY-2C857488+INVOICE-INV-61AE1439,2,1,9410548,4836537,4836537,4574011,INR,1B:1G:1I,False,False,False,PASS
TEST_ADVERSARIAL,GATEWAY-GWY-FAB80570,BANK-BNK-99B68984+GATEWAY-GWY-FAB80570+INVOICE-INV-7395032A,2,1,35563534,18277827,18277827,17285707,INR,1B:1G:1I,False,False,False,PASS
TEST_ADVERSARIAL,INVOICE-INV-83D527C1,BANK-BNK-28422170+GATEWAY-GWY-151FE120+INVOICE-INV-83D527C1,2,1,10601116,5448429,5448429,5152687,INR,1B:1G:1I,False,False,False,PASS
TEST_ADVERSARIAL,BANK-BNK-7BB8ED5D,BANK-BNK-7BB8ED5D+GATEWAY-GWY-1B0F14BB+INVOICE-INV-286B4662,2,1,7863556,4041464,4041464,3822092,INR,1B:1G:1I,False,False,False,PASS
TEST_ADVERSARIAL,BANK-BNK-A1010C3F,BANK-BNK-A1010C3F+GATEWAY-GWY-8DDF31D0+INVOICE-INV-C0E6346C,2,1,2674110,1374355,1374355,1299755,INR,1B:1G:1I,False,False,False,PASS
TEST_ADVERSARIAL,BANK-BNK-FEB95F4A,BANK-BNK-FEB95F4A+GATEWAY-GWY-FAB6C998+INVOICE-INV-EF330828,2,1,35221784,18102185,18102185,17119599,INR,1B:1G:1I,False,False,False,PASS
TEST_ADVERSARIAL,BANK-BNK-CACFC9E4,BANK-BNK-CACFC9E4+GATEWAY-GWY-7717F818+INVOICE-INV-41C4C246,2,1,18261704,9385576,9385576,8876128,INR,1B:1G:1I,False,False,False,PASS
TEST_ADVERSARIAL,BANK-BNK-E0F675C3,BANK-BNK-E0F675C3+GATEWAY-GWY-A82E7559+INVOICE-INV-CA323586,2,1,12126078,6232180,6232180,5893898,INR,1B:1G:1I,False,False,False,PASS
TEST_ADVERSARIAL,BANK-BNK-670D88D8,BANK-BNK-670D88D8+GATEWAY-GWY-9B9F2D05+INVOICE-INV-96B7FE4D,2,1,24697192,12693086,12693086,12004106,INR,1B:1G:1I,False,False,False,PASS
TEST_ADVERSARIAL,INVOICE-INV-4D0CA207,BANK-BNK-7E5C1408+GATEWAY-GWY-1663B41A+INVOICE-INV-4D0CA207,2,1,37130778,19083310,19083310,18047468,INR,1B:1G:1I,False,False,False,PASS
TEST_ADVERSARIAL,BANK-BNK-E80149F5,BANK-BNK-E80149F5+GATEWAY-GWY-96FF0AF1+INVOICE-INV-A5B45B40,2,1,19774962,10163313,10163313,9611649,INR,1B:1G:1I,False,False,False,PASS
TEST_ADVERSARIAL,GATEWAY-GWY-931B1A26,BANK-BNK-1755C84E+GATEWAY-GWY-931B1A26+INVOICE-INV-5E1BEF55,2,1,25125800,12913368,12913368,12212432,INR,1B:1G:1I,False,False,False,PASS
TEST_ADVERSARIAL,INVOICE-INV-D52655F4,BANK-BNK-F766C5F1+GATEWAY-GWY-8038ADA1+INVOICE-INV-D52655F4,2,1,28476330,14635370,14635370,13840960,INR,1B:1G:1I,False,False,False,PASS
TEST_ADVERSARIAL,GATEWAY-GWY-A2309369,BANK-BNK-5E7DF2C2+GATEWAY-GWY-A2309369+INVOICE-INV-7434D0A6,2,1,27648038,14209669,14209669,13438369,INR,1B:1G:1I,False,False,False,PASS
TEST_ADVERSARIAL,INVOICE-INV-6F98B95F,BANK-BNK-DC938753+GATEWAY-GWY-993599D9+INVOICE-INV-6F98B95F,2,1,16324858,8390137,8390137,7934721,INR,1B:1G:1I,False,False,False,PASS
TEST_ADVERSARIAL,BANK-BNK-FBF7168E,BANK-BNK-FBF7168E+GATEWAY-GWY-912335EB+INVOICE-INV-EE3C46C1,2,1,19979114,10268236,10268236,9710878,INR,1B:1G:1I,False,False,False,PASS
TEST_ADVERSARIAL,GATEWAY-GWY-38729B07,BANK-BNK-15A1ADD5+GATEWAY-GWY-38729B07+INVOICE-INV-1A0B5D4F,2,1,5211076,2678225,2678225,2532851,INR,1B:1G:1I,False,False,False,PASS
TEST_ADVERSARIAL,GATEWAY-GWY-7E87C7F9,BANK-BNK-E79C5294+GATEWAY-GWY-7E87C7F9,2,0,14488726,0,0,14488726,INR,1B:1G:0I,False,False,False,PASS
TEST_ADVERSARIAL,GATEWAY-GWY-2C3A5E37,INVOICE-INV-5B036C78,0,1,0,1085994,1085994,1085994,INR,0B:0G:1I,False,False,False,PASS
TEST_ADVERSARIAL,GATEWAY-GWY-DE642BD8,INVOICE-INV-10F254C2,0,1,0,15900098,15900098,15900098,INR,0B:0G:1I,False,False,False,PASS
TEST_ADVERSARIAL,GATEWAY-GWY-996CB73A,INVOICE-INV-2B683CBE,0,1,0,17390340,17390340,17390340,INR,0B:0G:1I,False,False,False,PASS
TEST_ADVERSARIAL,GATEWAY-GWY-538D1F1A,INVOICE-INV-E54CA78C,0,1,0,8745826,8745826,8745826,INR,0B:0G:1I,False,False,False,PASS
TEST_ADVERSARIAL,INVOICE-INV-39E0DDF3,INVOICE-INV-39E0DDF3,0,1,0,17324073,17324073,17324073,INR,0B:0G:1I,False,False,False,PASS
TEST_ADVERSARIAL,GATEWAY-GWY-B627E9ED,INVOICE-INV-BEFB5A07,0,1,0,7102190,7102190,7102190,INR,0B:0G:1I,False,False,False,PASS
TEST_ADVERSARIAL,BANK-BNK-C93A98F2,INVOICE-INV-27D5A6D4,0,1,0,2063995,2063995,2063995,INR,0B:0G:1I,False,False,False,PASS
TEST_ADVERSARIAL,GATEWAY-GWY-53D6ED55,INVOICE-INV-EAF018E2,0,1,0,3106274,3106274,3106274,INR,0B:0G:1I,False,False,False,PASS
TEST_ADVERSARIAL,GATEWAY-GWY-9614CB6A,INVOICE-INV-9A87671B,0,1,0,16954326,16954326,16954326,INR,0B:0G:1I,False,False,False,PASS
TEST_ADVERSARIAL,GATEWAY-GWY-685BD6E7,INVOICE-INV-0644EC26,0,1,0,12757566,12757566,12757566,INR,0B:0G:1I,False,False,False,PASS
TEST_ADVERSARIAL,GATEWAY-GWY-BE7E911A,INVOICE-INV-428E66DF,0,1,0,1794458,1794458,1794458,INR,0B:0G:1I,False,False,False,PASS
TEST_ADVERSARIAL,INVOICE-INV-D21E3675,INVOICE-INV-D21E3675,0,1,0,1169683,1169683,1169683,INR,0B:0G:1I,False,False,False,PASS
TEST_ADVERSARIAL,INVOICE-INV-7A8EB147,INVOICE-INV-7A8EB147,0,1,0,7872515,7872515,7872515,INR,0B:0G:1I,False,False,False,PASS
TEST_ADVERSARIAL,INVOICE-INV-D305BB70,INVOICE-INV-D305BB70,0,1,0,19537144,19537144,19537144,INR,0B:0G:1I,False,False,False,PASS
TEST_ADVERSARIAL,GATEWAY-GWY-7A10472B,INVOICE-INV-9160CBB3,0,1,0,15489704,15489704,15489704,INR,0B:0G:1I,False,False,False,PASS
TEST_ADVERSARIAL,INVOICE-INV-5831A036,INVOICE-INV-5831A036,0,1,0,15143942,15143942,15143942,INR,0B:0G:1I,False,False,False,PASS
TEST_ADVERSARIAL,GATEWAY-GWY-A7A32BF2,INVOICE-INV-E1242FE7,0,1,0,7484924,7484924,7484924,INR,0B:0G:1I,False,False,False,PASS
TEST_ADVERSARIAL,INVOICE-INV-F5D5A467,INVOICE-INV-F5D5A467,0,1,0,15700395,15700395,15700395,INR,0B:0G:1I,False,False,False,PASS
TEST_ADVERSARIAL,INVOICE-INV-C84E6EFB,INVOICE-INV-C84E6EFB,0,1,0,11418409,11418409,11418409,INR,0B:0G:1I,False,False,False,PASS
TEST_ADVERSARIAL,INVOICE-INV-D8FC09FA,INVOICE-INV-D8FC09FA,0,1,0,12666107,12666107,12666107,INR,0B:0G:1I,False,False,False,PASS
TEST_ADVERSARIAL,INVOICE-INV-6C4944DC,INVOICE-INV-6C4944DC,0,1,0,2641159,2641159,2641159,INR,0B:0G:1I,False,False,False,PASS
TEST_ADVERSARIAL,GATEWAY-GWY-AE4AAB41,INVOICE-INV-4CEA6125,0,1,0,9332678,9332678,9332678,INR,0B:0G:1I,False,False,False,PASS
TEST_ADVERSARIAL,GATEWAY-GWY-1D2BA703,INVOICE-INV-55028003,0,1,0,6937461,6937461,6937461,INR,0B:0G:1I,False,False,False,PASS
TEST_ADVERSARIAL,GATEWAY-GWY-80735B67,INVOICE-INV-343DD1BD,0,1,0,16800180,16800180,16800180,INR,0B:0G:1I,False,False,False,PASS
TEST_ADVERSARIAL,GATEWAY-GWY-8562B5C5,INVOICE-INV-E704E119,0,1,0,9157952,9157952,9157952,INR,0B:0G:1I,False,False,False,PASS
TEST_ADVERSARIAL,INVOICE-INV-951E6789,INVOICE-INV-951E6789,0,1,0,18850470,18850470,18850470,INR,0B:0G:1I,False,False,False,PASS
TEST_ADVERSARIAL,INVOICE-INV-D3353ECB,INVOICE-INV-D3353ECB,0,1,0,510851,510851,510851,INR,0B:0G:1I,False,False,False,PASS
TEST_ADVERSARIAL,INVOICE-INV-72627C94,INVOICE-INV-72627C94,0,1,0,3027408,3027408,3027408,INR,0B:0G:1I,False,False,False,PASS
TEST_ADVERSARIAL,INVOICE-INV-8E38189D,INVOICE-INV-8E38189D,0,1,0,16327071,16327071,16327071,INR,0B:0G:1I,False,False,False,PASS
TEST_ADVERSARIAL,GATEWAY-GWY-44C160EE,INVOICE-INV-496982D1,0,1,0,9297064,9297064,9297064,INR,0B:0G:1I,False,False,False,PASS
TEST_ADVERSARIAL,INVOICE-INV-F2127523,INVOICE-INV-F2127523,0,1,0,16209116,16209116,16209116,INR,0B:0G:1I,False,False,False,PASS
TEST_ADVERSARIAL,GATEWAY-GWY-7370EC4C,INVOICE-INV-E22E3D54,0,1,0,19597019,19597019,19597019,INR,0B:0G:1I,False,False,False,PASS
TEST_ADVERSARIAL,GATEWAY-GWY-61C14A41,INVOICE-INV-E58D2DB8,0,1,0,14090341,14090341,14090341,INR,0B:0G:1I,False,False,False,PASS
TEST_ADVERSARIAL,GATEWAY-GWY-DDB5FC76,INVOICE-INV-AB054BB6,0,1,0,7911404,7911404,7911404,INR,0B:0G:1I,False,False,False,PASS
TEST_ADVERSARIAL,GATEWAY-GWY-1C75A6CC,INVOICE-INV-22001393,0,1,0,8528657,8528657,8528657,INR,0B:0G:1I,False,False,False,PASS
TEST_ADVERSARIAL,INVOICE-INV-6EB224A8,INVOICE-INV-6EB224A8,0,1,0,6678047,6678047,6678047,INR,0B:0G:1I,False,False,False,PASS
TEST_ADVERSARIAL,INVOICE-INV-180DDEC7,INVOICE-INV-180DDEC7,0,1,0,5900772,5900772,5900772,INR,0B:0G:1I,False,False,False,PASS
FROZEN_UNSEEN,BANK-BNK-03D5CF41,BANK-BNK-03D5CF41+GATEWAY-GWY-4DEB91E5+INVOICE-INV-A1C66CCE,2,1,5460056,2806188,2806188,2653868,INR,1B:1G:1I,False,False,False,PASS
FROZEN_UNSEEN,BANK-BNK-890A4941,BANK-BNK-890A4941+GATEWAY-GWY-6BE24FA2+INVOICE-INV-802A55D7,2,1,12832642,6595318,6595318,6237324,INR,1B:1G:1I,False,False,False,PASS
FROZEN_UNSEEN,INVOICE-INV-0F5BB2F4,BANK-BNK-6CD288AC+GATEWAY-GWY-F8519903+INVOICE-INV-0F5BB2F4,2,1,14787510,7600019,7600019,7187491,INR,1B:1G:1I,False,False,False,PASS
FROZEN_UNSEEN,GATEWAY-GWY-A7AA646E,BANK-BNK-73734608+GATEWAY-GWY-A7AA646E+INVOICE-INV-5BEDADE1,2,1,22488088,11557721,11557721,10930367,INR,1B:1G:1I,False,False,False,PASS
FROZEN_UNSEEN,BANK-BNK-C768BD4D,BANK-BNK-C768BD4D+GATEWAY-GWY-D1152FBC,2,0,31833976,0,0,31833976,INR,1B:1G:0I,False,False,False,PASS
FROZEN_UNSEEN,GATEWAY-GWY-64047975,BANK-BNK-6116E461+GATEWAY-GWY-64047975+INVOICE-INV-0B0C6194,2,1,20294022,10430084,10430084,9863938,INR,1B:1G:1I,False,False,False,PASS
FROZEN_UNSEEN,BANK-BNK-AB4F5201,BANK-BNK-AB4F5201+GATEWAY-GWY-E98BE3C6+INVOICE-INV-C55E88C5,2,1,22749822,11692238,11692238,11057584,INR,1B:1G:1I,False,False,False,PASS
FROZEN_UNSEEN,BANK-BNK-08D31F1A,BANK-BNK-08D31F1A+GATEWAY-GWY-EDD80434+INVOICE-INV-22AB612D,2,1,34220822,17587742,17587742,16633080,INR,1B:1G:1I,False,False,False,PASS
FROZEN_UNSEEN,GATEWAY-GWY-1D4AFDF8,BANK-BNK-48356C7A+GATEWAY-GWY-1D4AFDF8+INVOICE-INV-D1D145C7,2,1,16142010,8296163,8296163,7845847,INR,1B:1G:1I,False,False,False,PASS
FROZEN_UNSEEN,GATEWAY-GWY-680E3C53,BANK-BNK-FCC98A54+GATEWAY-GWY-680E3C53,2,0,15488320,0,0,15488320,INR,1B:1G:0I,False,False,False,PASS
FROZEN_UNSEEN,BANK-BNK-5283D312,BANK-BNK-5283D312+GATEWAY-GWY-EA690701+INVOICE-INV-5AB0F4BB,2,1,26150094,13439803,13439803,12710291,INR,1B:1G:1I,False,False,False,PASS
FROZEN_UNSEEN,INVOICE-INV-5CB412BA,BANK-BNK-0D88BFEF+GATEWAY-GWY-A83B8FB1+INVOICE-INV-5CB412BA,2,1,10839914,5571159,5571159,5268755,INR,1B:1G:1I,False,False,False,PASS
FROZEN_UNSEEN,GATEWAY-GWY-52D4700D,GATEWAY-GWY-52D4700D+INVOICE-INV-816DE674,1,1,14815235,15228537,15228537,413302,INR,0B:1G:1I,False,False,False,PASS
FROZEN_UNSEEN,GATEWAY-GWY-1626E08B,BANK-BNK-6FB6E42B+GATEWAY-GWY-1626E08B,2,0,35642798,0,0,35642798,INR,1B:1G:0I,False,False,False,PASS
FROZEN_UNSEEN,GATEWAY-GWY-5F2545E4,BANK-BNK-AD540EBA+GATEWAY-GWY-5F2545E4,2,0,3593460,0,0,3593460,INR,1B:1G:0I,False,False,False,PASS
FROZEN_UNSEEN,BANK-BNK-15062455,BANK-BNK-15062455+GATEWAY-GWY-A333F0C8+INVOICE-INV-BD19DF5D,2,1,14554914,7480477,7480477,7074437,INR,1B:1G:1I,False,False,False,PASS
FROZEN_UNSEEN,GATEWAY-GWY-1BFC1C85,BANK-BNK-F630ADC6+GATEWAY-GWY-1BFC1C85,2,0,32817410,0,0,32817410,INR,1B:1G:0I,False,False,False,PASS
FROZEN_UNSEEN,INVOICE-INV-6F252814,BANK-BNK-AD068A94+GATEWAY-GWY-E08DFC74+INVOICE-INV-6F252814,2,1,13183520,6775651,6775651,6407869,INR,1B:1G:1I,False,False,False,PASS
FROZEN_UNSEEN,INVOICE-INV-87D37109,BANK-BNK-332B8B8D+GATEWAY-GWY-564C9A23+INVOICE-INV-87D37109,2,1,9065200,4659046,4659046,4406154,INR,1B:1G:1I,False,False,False,PASS
FROZEN_UNSEEN,BANK-BNK-E6F64E65,BANK-BNK-E6F64E65+GATEWAY-GWY-3112A9C0+INVOICE-INV-04EDD770,2,1,31643966,16263371,16263371,15380595,INR,1B:1G:1I,False,False,False,PASS
FROZEN_UNSEEN,INVOICE-INV-9C4A9DF7,BANK-BNK-C8AF5E45+GATEWAY-GWY-34F3684D+INVOICE-INV-9C4A9DF7,2,1,27475732,14121113,14121113,13354619,INR,1B:1G:1I,False,False,False,PASS
FROZEN_UNSEEN,GATEWAY-GWY-802C47BE,BANK-BNK-D0CD989A+GATEWAY-GWY-802C47BE+INVOICE-INV-2D4DF40C,2,1,1758982,904027,904027,854955,INR,1B:1G:1I,False,False,False,PASS
FROZEN_UNSEEN,BANK-BNK-CA812952,BANK-BNK-CA812952+GATEWAY-GWY-A8EE7F95+INVOICE-INV-35E67465,2,1,9133704,4694254,4694254,4439450,INR,1B:1G:1I,False,False,False,PASS
FROZEN_UNSEEN,GATEWAY-GWY-27AFFCA6,BANK-BNK-1375380C+GATEWAY-GWY-27AFFCA6+INVOICE-INV-B88889A9,2,1,17337618,8910644,8910644,8426974,INR,1B:1G:1I,False,False,False,PASS
FROZEN_UNSEEN,BANK-BNK-46BEFBFD,BANK-BNK-46BEFBFD+GATEWAY-GWY-2D5818B6,2,0,4995102,0,0,4995102,INR,1B:1G:0I,False,False,False,PASS
FROZEN_UNSEEN,INVOICE-INV-8BFCCCC5,BANK-BNK-4491332F+GATEWAY-GWY-EB249287+INVOICE-INV-8BFCCCC5,2,1,11625766,5975046,5975046,5650720,INR,1B:1G:1I,False,False,False,PASS
FROZEN_UNSEEN,BANK-BNK-F5A9D096,BANK-BNK-F5A9D096+GATEWAY-GWY-CC87A2CF,2,0,33546076,0,0,33546076,INR,1B:1G:0I,False,False,False,PASS
FROZEN_UNSEEN,INVOICE-INV-C5020578,BANK-BNK-CF43585C+GATEWAY-GWY-FD18EC0D+INVOICE-INV-C5020578,2,1,32753616,16833673,16833673,15919943,INR,1B:1G:1I,False,False,False,PASS
FROZEN_UNSEEN,INVOICE-INV-D1FE6047,GATEWAY-GWY-0F1535F9+INVOICE-INV-D1FE6047,1,1,8268132,8498789,8498789,230657,INR,0B:1G:1I,False,False,False,PASS
FROZEN_UNSEEN,GATEWAY-GWY-51288BD2,BANK-BNK-652A47F0+GATEWAY-GWY-51288BD2+INVOICE-INV-D8F87AB3,2,1,17357744,8920988,8920988,8436756,INR,1B:1G:1I,False,False,False,PASS
FROZEN_UNSEEN,BANK-BNK-02CE53C3,BANK-BNK-02CE53C3+GATEWAY-GWY-C0AA8F31,2,0,26295878,0,0,26295878,INR,1B:1G:0I,False,False,False,PASS
FROZEN_UNSEEN,GATEWAY-GWY-15F0E660,BANK-BNK-11EF9B3F+GATEWAY-GWY-15F0E660+INVOICE-INV-5487C206,2,1,30312840,15579241,15579241,14733599,INR,1B:1G:1I,False,False,False,PASS
FROZEN_UNSEEN,BANK-BNK-68A368B5,BANK-BNK-68A368B5+GATEWAY-GWY-A272BAAA+INVOICE-INV-811DBCE1,2,1,33712868,17326681,17326681,16386187,INR,1B:1G:1I,False,False,False,PASS
FROZEN_UNSEEN,INVOICE-INV-1C103134,BANK-BNK-68A048F0+GATEWAY-GWY-51B91254+INVOICE-INV-1C103134,2,1,34262520,17609173,17609173,16653347,INR,1B:1G:1I,False,False,False,PASS
FROZEN_UNSEEN,BANK-BNK-BEC02ECF,BANK-BNK-BEC02ECF+GATEWAY-GWY-CEB368D0,2,0,36304678,0,0,36304678,INR,1B:1G:0I,False,False,False,PASS
FROZEN_UNSEEN,GATEWAY-GWY-7B98EFD1,BANK-BNK-834A8281+GATEWAY-GWY-7B98EFD1+INVOICE-INV-94F08131,2,1,31521192,16200271,16200271,15320921,INR,1B:1G:1I,False,False,False,PASS
FROZEN_UNSEEN,INVOICE-INV-7D3B6065,BANK-BNK-D2D9C6B8+GATEWAY-GWY-057A1F41+INVOICE-INV-7D3B6065,2,1,21903486,11257265,11257265,10646221,INR,1B:1G:1I,False,False,False,PASS
FROZEN_UNSEEN,GATEWAY-GWY-D9AB1108,BANK-BNK-47CA2471+GATEWAY-GWY-D9AB1108+INVOICE-INV-A8716544,2,1,18806172,9665405,9665405,9140767,INR,1B:1G:1I,False,False,False,PASS
FROZEN_UNSEEN,BANK-BNK-AF1D5AA0,BANK-BNK-AF1D5AA0+GATEWAY-GWY-5F6EE3DC+INVOICE-INV-0DACA625,2,1,27224242,13991860,13991860,13232382,INR,1B:1G:1I,False,False,False,PASS
FROZEN_UNSEEN,GATEWAY-GWY-72A66416,BANK-BNK-DB37799B+GATEWAY-GWY-72A66416+INVOICE-INV-3D404623,2,1,33154176,17039541,17039541,16114635,INR,1B:1G:1I,False,False,False,PASS
FROZEN_UNSEEN,INVOICE-INV-CC50AEDA,BANK-BNK-C31F1926+GATEWAY-GWY-A4496BAD+INVOICE-INV-CC50AEDA,2,1,35838916,18419359,18419359,17419557,INR,1B:1G:1I,False,False,False,PASS
FROZEN_UNSEEN,GATEWAY-GWY-D66DBB98,BANK-BNK-CDD3BA14+GATEWAY-GWY-D66DBB98+INVOICE-INV-04683CC5,2,1,25525118,13118598,13118598,12406520,INR,1B:1G:1I,False,False,False,PASS
FROZEN_UNSEEN,BANK-BNK-CA4688F0,BANK-BNK-CA4688F0+GATEWAY-GWY-412F3FC1,2,0,37998218,0,0,37998218,INR,1B:1G:0I,False,False,False,PASS
FROZEN_UNSEEN,GATEWAY-GWY-5A009C17,BANK-BNK-BB2433C0+GATEWAY-GWY-5A009C17,2,0,32775498,0,0,32775498,INR,1B:1G:0I,False,False,False,PASS
FROZEN_UNSEEN,GATEWAY-GWY-062E6DBD,BANK-BNK-BF7CE626+GATEWAY-GWY-062E6DBD+INVOICE-INV-DA51BF18,2,1,9972644,5125426,5125426,4847218,INR,1B:1G:1I,False,False,False,PASS
FROZEN_UNSEEN,INVOICE-INV-4E9EA62C,BANK-BNK-371D96ED+GATEWAY-GWY-BFCC90BD+INVOICE-INV-4E9EA62C,2,1,26230010,13480876,13480876,12749134,INR,1B:1G:1I,False,False,False,PASS
FROZEN_UNSEEN,GATEWAY-GWY-4BE898E4,BANK-BNK-1DCB783B+GATEWAY-GWY-4BE898E4+INVOICE-INV-112EF776,2,1,13233980,6801584,6801584,6432396,INR,1B:1G:1I,False,False,False,PASS
FROZEN_UNSEEN,BANK-BNK-C855BAE4,BANK-BNK-C855BAE4+GATEWAY-GWY-6234D502+INVOICE-INV-A563922C,2,1,1121492,576389,576389,545103,INR,1B:1G:1I,False,False,False,PASS
FROZEN_UNSEEN,BANK-BNK-2019BCA3,BANK-BNK-2019BCA3+GATEWAY-GWY-0D55DD53+INVOICE-INV-00F307EF,2,1,14029874,7210634,7210634,6819240,INR,1B:1G:1I,False,False,False,PASS
FROZEN_UNSEEN,GATEWAY-GWY-83C093BF,BANK-BNK-F6A0CFC6+GATEWAY-GWY-83C093BF+INVOICE-INV-A57C8151,2,1,31326296,16100104,16100104,15226192,INR,1B:1G:1I,False,False,False,PASS
FROZEN_UNSEEN,INVOICE-INV-5888B6BB,BANK-BNK-8F4295B6+GATEWAY-GWY-5FB9D5AB+INVOICE-INV-5888B6BB,2,1,25851732,13286461,13286461,12565271,INR,1B:1G:1I,False,False,False,PASS
FROZEN_UNSEEN,BANK-BNK-A72F0E37,BANK-BNK-A72F0E37+GATEWAY-GWY-C197C2A4+INVOICE-INV-91776F83,2,1,6522794,3352381,3352381,3170413,INR,1B:1G:1I,False,False,False,PASS
FROZEN_UNSEEN,GATEWAY-GWY-1841428B,BANK-BNK-0D79BF68+GATEWAY-GWY-1841428B+INVOICE-INV-672C986B,2,1,10399970,5345049,5345049,5054921,INR,1B:1G:1I,False,False,False,PASS
FROZEN_UNSEEN,BANK-BNK-5DF9A1D5,BANK-BNK-5DF9A1D5+GATEWAY-GWY-C6450D91+INVOICE-INV-3C7FAC58,2,1,9867354,5071312,5071312,4796042,INR,1B:1G:1I,False,False,False,PASS
FROZEN_UNSEEN,GATEWAY-GWY-D24023F0,BANK-BNK-86769905+GATEWAY-GWY-D24023F0,2,0,3094216,0,0,3094216,INR,1B:1G:0I,False,False,False,PASS
FROZEN_UNSEEN,BANK-BNK-9AC6E4EA,BANK-BNK-9AC6E4EA+GATEWAY-GWY-D4C8495F+INVOICE-INV-42343049,2,1,13637956,7009208,7009208,6628748,INR,1B:1G:1I,False,False,False,PASS
FROZEN_UNSEEN,INVOICE-INV-208D9708,BANK-BNK-E2CA837A+GATEWAY-GWY-E61EA9FE+INVOICE-INV-208D9708,2,1,8395882,4315051,4315051,4080831,INR,1B:1G:1I,False,False,False,PASS
FROZEN_UNSEEN,BANK-BNK-AF6AD6D8,BANK-BNK-AF6AD6D8+GATEWAY-GWY-18D8FB50+INVOICE-INV-624277E2,2,1,37059280,19046564,19046564,18012716,INR,1B:1G:1I,False,False,False,PASS
FROZEN_UNSEEN,INVOICE-INV-A5CEBC1C,BANK-BNK-AE1E6525+GATEWAY-GWY-4933D399+INVOICE-INV-A5CEBC1C,2,1,7820616,4019394,4019394,3801222,INR,1B:1G:1I,False,False,False,PASS
FROZEN_UNSEEN,INVOICE-INV-B97F9713,BANK-BNK-4449C82D+GATEWAY-GWY-D6E47313+INVOICE-INV-B97F9713,2,1,12073194,6205001,6205001,5868193,INR,1B:1G:1I,False,False,False,PASS
FROZEN_UNSEEN,GATEWAY-GWY-871047B7,BANK-BNK-85187B4F+GATEWAY-GWY-871047B7+INVOICE-INV-7201BA49,2,1,293440,150813,150813,142627,INR,1B:1G:1I,False,False,False,PASS
FROZEN_UNSEEN,GATEWAY-GWY-ACE3D5E7,BANK-BNK-B8AF7103+GATEWAY-GWY-ACE3D5E7+INVOICE-INV-20DAA057,2,1,4858918,2497233,2497233,2361685,INR,1B:1G:1I,False,False,False,PASS
FROZEN_UNSEEN,BANK-BNK-F4F2E556,BANK-BNK-F4F2E556+GATEWAY-GWY-31F7C28D,2,0,1430200,0,0,1430200,INR,1B:1G:0I,False,False,False,PASS
FROZEN_UNSEEN,INVOICE-INV-C20763EC,BANK-BNK-BDED63FC+GATEWAY-GWY-0A71B74E+INVOICE-INV-C20763EC,2,1,29636808,15231795,15231795,14405013,INR,1B:1G:1I,False,False,False,PASS
FROZEN_UNSEEN,GATEWAY-GWY-8292C7EC,BANK-BNK-D1927CEA+GATEWAY-GWY-8292C7EC,2,0,35215464,0,0,35215464,INR,1B:1G:0I,False,False,False,PASS
FROZEN_UNSEEN,GATEWAY-GWY-882B7052,BANK-BNK-CD32E6DB+GATEWAY-GWY-882B7052+INVOICE-INV-102593E9,2,1,4933694,2535665,2535665,2398029,INR,1B:1G:1I,False,False,False,PASS
FROZEN_UNSEEN,BANK-BNK-40458CD1,BANK-BNK-40458CD1+GATEWAY-GWY-BFA4DB0C+INVOICE-INV-A82284AE,2,1,28478980,14636731,14636731,13842249,INR,1B:1G:1I,False,False,False,PASS
FROZEN_UNSEEN,GATEWAY-GWY-DA6B2D5E,BANK-BNK-A0110B2C+GATEWAY-GWY-DA6B2D5E+INVOICE-INV-EC07C482,2,1,24392966,12536730,12536730,11856236,INR,1B:1G:1I,False,False,False,PASS
FROZEN_UNSEEN,INVOICE-INV-D173D13C,BANK-BNK-D419E575+GATEWAY-GWY-B2D7ED02+INVOICE-INV-D173D13C,2,1,6523884,3352941,3352941,3170943,INR,1B:1G:1I,False,False,False,PASS
FROZEN_UNSEEN,BANK-BNK-5CDC40CB,BANK-BNK-5CDC40CB+GATEWAY-GWY-8182E3A1,2,0,19184754,0,0,19184754,INR,1B:1G:0I,False,False,False,PASS
FROZEN_UNSEEN,GATEWAY-GWY-F96F79A3,BANK-BNK-E4012E57+GATEWAY-GWY-F96F79A3+INVOICE-INV-043BAABA,2,1,29522858,15173230,15173230,14349628,INR,1B:1G:1I,False,False,False,PASS
FROZEN_UNSEEN,GATEWAY-GWY-0D131053,BANK-BNK-6CA9F548+GATEWAY-GWY-0D131053+INVOICE-INV-35737ABA,2,1,254602,130853,130853,123749,INR,1B:1G:1I,False,False,False,PASS
FROZEN_UNSEEN,GATEWAY-GWY-756A1F83,BANK-BNK-992DD523+GATEWAY-GWY-756A1F83,2,0,9045470,0,0,9045470,INR,1B:1G:0I,False,False,False,PASS
FROZEN_UNSEEN,BANK-BNK-A852835F,BANK-BNK-A852835F+GATEWAY-GWY-4FB84280,2,0,8915326,0,0,8915326,INR,1B:1G:0I,False,False,False,PASS
FROZEN_UNSEEN,BANK-BNK-B23513F1,BANK-BNK-B23513F1+GATEWAY-GWY-1A2F91D9+INVOICE-INV-02B470CB,2,1,17534830,9012001,9012001,8522829,INR,1B:1G:1I,False,False,False,PASS
FROZEN_UNSEEN,INVOICE-INV-F00AD1BD,BANK-BNK-A2DC2DAB+GATEWAY-GWY-F88636A7+INVOICE-INV-F00AD1BD,2,1,22624846,11628007,11628007,10996839,INR,1B:1G:1I,False,False,False,PASS
FROZEN_UNSEEN,GATEWAY-GWY-23B708C5,BANK-BNK-A5E56D28+GATEWAY-GWY-23B708C5+INVOICE-INV-C90A0D5E,2,1,21721304,11163634,11163634,10557670,INR,1B:1G:1I,False,False,False,PASS
FROZEN_UNSEEN,INVOICE-INV-BFCBCB6A,BANK-BNK-C0D72D2C+GATEWAY-GWY-D5BFDB9E+INVOICE-INV-BFCBCB6A,2,1,13336432,6854239,6854239,6482193,INR,1B:1G:1I,False,False,False,PASS
FROZEN_UNSEEN,INVOICE-INV-FB77D28D,BANK-BNK-0C860840+GATEWAY-GWY-27D62C4F+INVOICE-INV-FB77D28D,2,1,19743644,10147217,10147217,9596427,INR,1B:1G:1I,False,False,False,PASS
FROZEN_UNSEEN,BANK-BNK-F7385E75,BANK-BNK-F7385E75+GATEWAY-GWY-A9EC9FE4+INVOICE-INV-2EB5633C,2,1,3438514,1767219,1767219,1671295,INR,1B:1G:1I,False,False,False,PASS
FROZEN_UNSEEN,INVOICE-INV-2CD0440F,BANK-BNK-76B4A2C3+GATEWAY-GWY-B2ACFAF0+INVOICE-INV-2CD0440F,2,1,26903630,13827082,13827082,13076548,INR,1B:1G:1I,False,False,False,PASS
FROZEN_UNSEEN,BANK-BNK-3F0D19A3,BANK-BNK-3F0D19A3+GATEWAY-GWY-D1411980+INVOICE-INV-F900826A,2,1,32554750,16731467,16731467,15823283,INR,1B:1G:1I,False,False,False,PASS
FROZEN_UNSEEN,INVOICE-INV-2E2F9A3A,BANK-BNK-A12AA936+GATEWAY-GWY-F8EFB5DE+INVOICE-INV-2E2F9A3A,2,1,18255388,9382331,9382331,8873057,INR,1B:1G:1I,False,False,False,PASS
FROZEN_UNSEEN,GATEWAY-GWY-A6ACD516,BANK-BNK-2C7B2E5B+GATEWAY-GWY-A6ACD516,2,0,27180160,0,0,27180160,INR,1B:1G:0I,False,False,False,PASS
FROZEN_UNSEEN,GATEWAY-GWY-B1793106,BANK-BNK-3EF54A7A+GATEWAY-GWY-B1793106,2,0,5493572,0,0,5493572,INR,1B:1G:0I,False,False,False,PASS
FROZEN_UNSEEN,INVOICE-INV-F6CCB6BD,BANK-BNK-0798E372+GATEWAY-GWY-44E8E8F0+INVOICE-INV-F6CCB6BD,2,1,28369544,14580486,14580486,13789058,INR,1B:1G:1I,False,False,False,PASS
FROZEN_UNSEEN,GATEWAY-GWY-0664D772,BANK-BNK-F16F871F+GATEWAY-GWY-0664D772+INVOICE-INV-BDE24BBC,2,1,22852292,11744903,11744903,11107389,INR,1B:1G:1I,False,False,False,PASS
FROZEN_UNSEEN,INVOICE-INV-FC473379,BANK-BNK-74A21E7E+GATEWAY-GWY-364B0B5D+INVOICE-INV-FC473379,2,1,4233268,2175682,2175682,2057586,INR,1B:1G:1I,False,False,False,PASS
FROZEN_UNSEEN,INVOICE-INV-E64405DA,BANK-BNK-4DEA393B+GATEWAY-GWY-2FC294AE+INVOICE-INV-E64405DA,2,1,25999274,13362290,13362290,12636984,INR,1B:1G:1I,False,False,False,PASS
FROZEN_UNSEEN,GATEWAY-GWY-3EA9C679,BANK-BNK-50643206+GATEWAY-GWY-3EA9C679+INVOICE-INV-71FE1C8E,2,1,30641034,15747915,15747915,14893119,INR,1B:1G:1I,False,False,False,PASS
FROZEN_UNSEEN,INVOICE-INV-BE386C91,BANK-BNK-D1A0F965+GATEWAY-GWY-1B1B9890+INVOICE-INV-BE386C91,2,1,766390,393885,393885,372505,INR,1B:1G:1I,False,False,False,PASS
FROZEN_UNSEEN,GATEWAY-GWY-F665FA70,BANK-BNK-B0CDE076+GATEWAY-GWY-F665FA70,2,0,28777062,0,0,28777062,INR,1B:1G:0I,False,False,False,PASS
FROZEN_UNSEEN,GATEWAY-GWY-FC4D1608,BANK-BNK-398D3389+GATEWAY-GWY-FC4D1608+INVOICE-INV-66244035,2,1,34978056,17976921,17976921,17001135,INR,1B:1G:1I,False,False,False,PASS
FROZEN_UNSEEN,BANK-BNK-4F83A498,BANK-BNK-4F83A498+GATEWAY-GWY-589E3136,2,0,16942178,0,0,16942178,INR,1B:1G:0I,False,False,False,PASS
FROZEN_UNSEEN,BANK-BNK-12D53748,BANK-BNK-12D53748+GATEWAY-GWY-82868491,2,0,286582,0,0,286582,INR,1B:1G:0I,False,False,False,PASS
FROZEN_UNSEEN,INVOICE-INV-CE1021DA,BANK-BNK-8038A9E3+GATEWAY-GWY-1E753EB5+INVOICE-INV-CE1021DA,2,1,3070456,1578056,1578056,1492400,INR,1B:1G:1I,False,False,False,PASS
FROZEN_UNSEEN,GATEWAY-GWY-D427D4CF,BANK-BNK-D7D80468+GATEWAY-GWY-D427D4CF+INVOICE-INV-F04D7B08,2,1,33446628,17189846,17189846,16256782,INR,1B:1G:1I,False,False,False,PASS
FROZEN_UNSEEN,GATEWAY-GWY-9BD3FF89,BANK-BNK-31072B99+GATEWAY-GWY-9BD3FF89+INVOICE-INV-6C3523CE,2,1,1030182,529461,529461,500721,INR,1B:1G:1I,False,False,False,PASS
FROZEN_UNSEEN,BANK-BNK-D2A74D12,BANK-BNK-D2A74D12+GATEWAY-GWY-0F3CCA38+INVOICE-INV-F23297F3,2,1,11720858,6023918,6023918,5696940,INR,1B:1G:1I,False,False,False,PASS
FROZEN_UNSEEN,BANK-BNK-4153DBEE,BANK-BNK-4153DBEE+GATEWAY-GWY-B075A910+INVOICE-INV-32344964,2,1,34297974,17627394,17627394,16670580,INR,1B:1G:1I,False,False,False,PASS
FROZEN_UNSEEN,INVOICE-INV-60518414,BANK-BNK-A3E95017+GATEWAY-GWY-7DEA8455+INVOICE-INV-60518414,2,1,2417614,1242529,1242529,1175085,INR,1B:1G:1I,False,False,False,PASS
FROZEN_UNSEEN,GATEWAY-GWY-5034B7DB,BANK-BNK-BF12A14E+GATEWAY-GWY-5034B7DB+INVOICE-INV-DF871FA4,2,1,12319080,6331374,6331374,5987706,INR,1B:1G:1I,False,False,False,PASS
FROZEN_UNSEEN,GATEWAY-GWY-3E5E2505,BANK-BNK-753968B8+GATEWAY-GWY-3E5E2505+INVOICE-INV-86827B1E,2,1,7002758,3599057,3599057,3403701,INR,1B:1G:1I,False,False,False,PASS
FROZEN_UNSEEN,INVOICE-INV-CA5F8216,BANK-BNK-C4B1C652+GATEWAY-GWY-0A5C8D16+INVOICE-INV-CA5F8216,2,1,19439476,9990890,9990890,9448586,INR,1B:1G:1I,False,False,False,PASS
FROZEN_UNSEEN,BANK-BNK-52F40E7E,BANK-BNK-52F40E7E+GATEWAY-GWY-B40B655E+INVOICE-INV-04BD7EFF,2,1,10794740,5547942,5547942,5246798,INR,1B:1G:1I,False,False,False,PASS
FROZEN_UNSEEN,BANK-BNK-6CD5DA0D,BANK-BNK-6CD5DA0D+GATEWAY-GWY-8346C8F0+INVOICE-INV-63D57E96,2,1,29925504,15380170,15380170,14545334,INR,1B:1G:1I,False,False,False,PASS
FROZEN_UNSEEN,GATEWAY-GWY-AF049BB9,BANK-BNK-A77D3866+GATEWAY-GWY-AF049BB9+INVOICE-INV-97ACE172,2,1,35908600,18455173,18455173,17453427,INR,1B:1G:1I,False,False,False,PASS
FROZEN_UNSEEN,GATEWAY-GWY-0A547A65,BANK-BNK-C999826E+GATEWAY-GWY-0A547A65,2,0,17096656,0,0,17096656,INR,1B:1G:0I,False,False,False,PASS
FROZEN_UNSEEN,INVOICE-INV-A8A95714,BANK-BNK-D1BB3A0D+GATEWAY-GWY-B4C05EDD+INVOICE-INV-A8A95714,2,1,14371832,7386383,7386383,6985449,INR,1B:1G:1I,False,False,False,PASS
FROZEN_UNSEEN,BANK-BNK-A13394E0,BANK-BNK-A13394E0+GATEWAY-GWY-9C234CA6,2,0,38458778,0,0,38458778,INR,1B:1G:0I,False,False,False,PASS
FROZEN_UNSEEN,BANK-BNK-EFD005FB,BANK-BNK-EFD005FB+GATEWAY-GWY-B3F16F0A+INVOICE-INV-B2F176AD,2,1,22092920,11354624,11354624,10738296,INR,1B:1G:1I,False,False,False,PASS
FROZEN_UNSEEN,BANK-BNK-717EC9FA,BANK-BNK-717EC9FA+GATEWAY-GWY-8C59732E,2,0,974800,0,0,974800,INR,1B:1G:0I,False,False,False,PASS
FROZEN_UNSEEN,GATEWAY-GWY-712C1BD4,BANK-BNK-3C49D516+GATEWAY-GWY-712C1BD4+INVOICE-INV-C743F215,2,1,11338276,5827291,5827291,5510985,INR,1B:1G:1I,False,False,False,PASS
FROZEN_UNSEEN,INVOICE-INV-17396B41,BANK-BNK-E6BA0928+GATEWAY-GWY-25EDEE40+INVOICE-INV-17396B41,2,1,30783736,15821257,15821257,14962479,INR,1B:1G:1I,False,False,False,PASS
FROZEN_UNSEEN,INVOICE-INV-6095F265,BANK-BNK-B35A03B1+GATEWAY-GWY-E6DAEE8D+INVOICE-INV-6095F265,2,1,28559600,14678166,14678166,13881434,INR,1B:1G:1I,False,False,False,PASS
FROZEN_UNSEEN,INVOICE-INV-78C85A77,BANK-BNK-661351C6+GATEWAY-GWY-89EDED20+INVOICE-INV-78C85A77,2,1,11353334,5835030,5835030,5518304,INR,1B:1G:1I,False,False,False,PASS
FROZEN_UNSEEN,INVOICE-INV-2F929318,BANK-BNK-310B65A4+GATEWAY-GWY-01460A93+INVOICE-INV-2F929318,2,1,25921534,13322336,13322336,12599198,INR,1B:1G:1I,False,False,False,PASS
FROZEN_UNSEEN,INVOICE-INV-8812153F,BANK-BNK-019D26EC+GATEWAY-GWY-37C63E77+INVOICE-INV-8812153F,2,1,11347438,5831999,5831999,5515439,INR,1B:1G:1I,False,False,False,PASS
FROZEN_UNSEEN,BANK-BNK-47A68007,BANK-BNK-47A68007+GATEWAY-GWY-F05F6D45+INVOICE-INV-9658407B,2,1,35981476,18492627,18492627,17488849,INR,1B:1G:1I,False,False,False,PASS
FROZEN_UNSEEN,GATEWAY-GWY-A7CD208E,INVOICE-INV-D674199A,0,1,0,3537395,3537395,3537395,INR,0B:0G:1I,False,False,False,PASS
FROZEN_UNSEEN,INVOICE-INV-874175BD,INVOICE-INV-874175BD,0,1,0,12995383,12995383,12995383,INR,0B:0G:1I,False,False,False,PASS
FROZEN_UNSEEN,INVOICE-INV-6E08886F,INVOICE-INV-6E08886F,0,1,0,634080,634080,634080,INR,0B:0G:1I,False,False,False,PASS
FROZEN_UNSEEN,INVOICE-INV-751EE6D4,INVOICE-INV-751EE6D4,0,1,0,6075782,6075782,6075782,INR,0B:0G:1I,False,False,False,PASS
FROZEN_UNSEEN,INVOICE-INV-E2D6E0EC,INVOICE-INV-E2D6E0EC,0,1,0,8321787,8321787,8321787,INR,0B:0G:1I,False,False,False,PASS
FROZEN_UNSEEN,INVOICE-INV-E616B0D4,INVOICE-INV-E616B0D4,0,1,0,14991292,14991292,14991292,INR,0B:0G:1I,False,False,False,PASS
FROZEN_UNSEEN,INVOICE-INV-350007ED,INVOICE-INV-350007ED,0,1,0,8227577,8227577,8227577,INR,0B:0G:1I,False,False,False,PASS
FROZEN_UNSEEN,GATEWAY-GWY-2C8248EB,INVOICE-INV-EF52C86F,0,1,0,3254607,3254607,3254607,INR,0B:0G:1I,False,False,False,PASS
FROZEN_UNSEEN,INVOICE-INV-54644E5D,INVOICE-INV-54644E5D,0,1,0,1785949,1785949,1785949,INR,0B:0G:1I,False,False,False,PASS
FROZEN_UNSEEN,INVOICE-INV-A3A7B83A,INVOICE-INV-A3A7B83A,0,1,0,12165939,12165939,12165939,INR,0B:0G:1I,False,False,False,PASS
FROZEN_UNSEEN,INVOICE-INV-4B5CE6A0,INVOICE-INV-4B5CE6A0,0,1,0,12141971,12141971,12141971,INR,0B:0G:1I,False,False,False,PASS
FROZEN_UNSEEN,GATEWAY-GWY-0974BF4A,INVOICE-INV-2EB75D37,0,1,0,14773025,14773025,14773025,INR,0B:0G:1I,False,False,False,PASS
FROZEN_UNSEEN,INVOICE-INV-19846BC3,INVOICE-INV-19846BC3,0,1,0,11446958,11446958,11446958,INR,0B:0G:1I,False,False,False,PASS
FROZEN_UNSEEN,GATEWAY-GWY-7BE6385B,INVOICE-INV-716C2974,0,1,0,8468778,8468778,8468778,INR,0B:0G:1I,False,False,False,PASS
FROZEN_UNSEEN,GATEWAY-GWY-2C6D83E8,INVOICE-INV-644B6B26,0,1,0,19929603,19929603,19929603,INR,0B:0G:1I,False,False,False,PASS
FROZEN_UNSEEN,INVOICE-INV-9450AE70,INVOICE-INV-9450AE70,0,1,0,18481649,18481649,18481649,INR,0B:0G:1I,False,False,False,PASS
FROZEN_UNSEEN,INVOICE-INV-67FDB60C,INVOICE-INV-67FDB60C,0,1,0,13619620,13619620,13619620,INR,0B:0G:1I,False,False,False,PASS
FROZEN_UNSEEN,INVOICE-INV-913518F7,INVOICE-INV-913518F7,0,1,0,1537059,1537059,1537059,INR,0B:0G:1I,False,False,False,PASS
FROZEN_UNSEEN,GATEWAY-GWY-877F597C,INVOICE-INV-FB0399CA,0,1,0,2476528,2476528,2476528,INR,0B:0G:1I,False,False,False,PASS
FROZEN_UNSEEN,GATEWAY-GWY-CC9BE4DD,INVOICE-INV-9E9A62F0,0,1,0,15784857,15784857,15784857,INR,0B:0G:1I,False,False,False,PASS
FROZEN_UNSEEN,GATEWAY-GWY-B4931C96,INVOICE-INV-4E1BF480,0,1,0,4898448,4898448,4898448,INR,0B:0G:1I,False,False,False,PASS
FROZEN_UNSEEN,INVOICE-INV-DB24388E,INVOICE-INV-DB24388E,0,1,0,3167211,3167211,3167211,INR,0B:0G:1I,False,False,False,PASS
FROZEN_UNSEEN,INVOICE-INV-4E6CAC3B,INVOICE-INV-4E6CAC3B,0,1,0,9975892,9975892,9975892,INR,0B:0G:1I,False,False,False,PASS
FROZEN_UNSEEN,INVOICE-INV-007325C6,INVOICE-INV-007325C6,0,1,0,7667157,7667157,7667157,INR,0B:0G:1I,False,False,False,PASS
FROZEN_UNSEEN,GATEWAY-GWY-DED2D97D,INVOICE-INV-4AB17101,0,1,0,14764553,14764553,14764553,INR,0B:0G:1I,False,False,False,PASS
FROZEN_UNSEEN,GATEWAY-GWY-32E26926,INVOICE-INV-C449A666,0,1,0,14826655,14826655,14826655,INR,0B:0G:1I,False,False,False,PASS
FROZEN_UNSEEN,GATEWAY-GWY-9BC1EFBC,INVOICE-INV-18467DCA,0,1,0,19763480,19763480,19763480,INR,0B:0G:1I,False,False,False,PASS
FROZEN_UNSEEN,GATEWAY-GWY-AED42918,INVOICE-INV-4D0A797A,0,1,0,14494537,14494537,14494537,INR,0B:0G:1I,False,False,False,PASS
